obj_0,obj_1,obj_2,obj_3,obj_4,obj_5,obj_6,obj_7,obj_8,obj_9,var_0,var_1,var_2,var_3,var_4,var_5,var_6,var_7,var_8,var_9,var_10,var_11,var_12,var_13,var_14,var_15,var_16,var_17,var_18
0.0,0.0,0.0,0.0,0.0,0.0,0.0,0.0,0.0,245.55779179256106,0.0,0.47144922261758937,0.47508312991368024,0.5259176900587852,0.48837357974997214,0.5176253347122367,0.48132807589343574,0.5276621176123847,0.461787039639069,0.48972826725446933,0.5328735842865715,0.49127260650989113,0.4799444064208755,0.5228188528636607,0.5224385594777242,0.48636030442675393,0.493832853764397,0.5059201865928208,0.49001838857909064
0.16163265260861862,0.16690732339484557,0.3232925819394269,0.6715330878901918,1.3796334041529605,2.753406529706076,5.182715009541558,10.630904335418922,66.43810140021598,175.41625264973712,0.33333333333333337,0.24250917008384137,0.5001931416122891,0.5128624620735818,0.4953808895816285,0.48959160597556106,0.49255665657887815,0.5040251089026586,0.4919725586359522,0.4730283211753042,0.491896032907409,0.5245320327004672,0.5106137988364495,0.5022579501821345,0.5174602455281015,0.4672884039088899,0.5172397430263415,0.5059152920454153,0.4899055757836942
0.044044420953207715,0.04030632040251315,0.09123799891874491,0.17295013559247388,0.40659692194883196,0.747956429863259,1.5042516544490272,2.7176243827172457,416.18664416760106,210.9558062162229,0.666666666666667,0.01356911755009338,0.5253031533108979,0.49980723408837835,0.5023881994132849,0.46155787723888536,0.5037852372643206,0.4803881001929325,0.5221580776328354,0.456328375096139,0.4509184815282466,0.5577914588910432,0.5412831912520234,0.4816970475006083,0.5124819315784789,0.448216503391026,0.5406466322882859,0.5059103974980098,0.48979276298829777
0.0,0.0,0.0,0.0,0.0,0.0,0.0,0.0,420.5832294483721,0.0,1.0,0.0,0.5504131650095069,0.486752006103175,0.5093955092449414,0.43352414850220966,0.515013817949763,0.45675109148320636,0.5523435966297185,0.4396284290169738,0.40994093014908417,0.5910508850816193,0.5719525836675974,0.46113614481908216,0.5075036176288562,0.429144602873162,0.5640535215502304,0.5059055029506043,0.48967995019290134
0.15960518099120422,0.17325350188270383,0.2806913488185627,0.7692828334414042,1.1726882795476687,2.762948909592232,4.883450312140995,87.61335363091715,39.08393764261991,273.7984232799036,0.33333333333333337,0.714505750804383,0.1042978253753401,0.5213204831300629,0.4804993012281789,0.5411157986353491,0.44369066368195675,0.5425126977106026,0.4794983252747686,0.49791110750417955,0.5860012306384775,0.48995113826660325,0.45588755718046853,0.504895638328061,0.5033411417032678,0.5228886594393813,0.4689174837012163,0.4583781615099555,0.5336973347081866
0.24937289514453853,0.23989687070589227,0.4536723997240374,1.1298260834049811,1.967069372687572,4.246896404122799,8.017221324115097,109.68497792148702,133.4794223396148,129.73417780550315,0.6666666666666671,0.485565698270635,0.12940783707394898,0.5082652551448595,0.48750661105983534,0.5130820698986734,0.45491924436739917,0.5188756890008765,0.5096838442716518,0.48121116142501436,0.545023679259315,0.5232105644571793,0.4865569495960425,0.48433473564653473,0.4983628277536452,0.5038167589215173,0.49232437296316073,0.45837326696255,0.5335845219127902
0.2962830756604257,0.2525220535408998,0.5593577648575218,1.269114944646564,2.5238374460316244,5.009860074463133,10.102705333103064,109.50974233801811,375.1939549168502,0.0,1.0,0.256625645736887,0.15451784877255786,0.4952100271596561,0.4945139208914917,0.4850483411619977,0.4661478250528416,0.4952386802911505,0.5398693632685351,0.46451121534584916,0.5040461278801527,0.5564699906477553,0.5172263420116164,0.46377383296500857,0.49338451380402254,0.48474485840365333,0.5157312622251052,0.45836837241514444,0.5334717091173937
0.0,0.0,0.0,0.0,0.0,0.0,0.0,292.5663263145463,12.966099861195035,152.7662130878703,0.6666666666666672,0.9575622789911766,0.0,0.5167232762013406,0.47262502270638573,0.5646062625584615,0.4060532514704777,0.5573632778088207,0.4972096109104683,0.5060939477538897,0.6391288769903836,0.48862967002331537,0.4318307079400615,0.48697242379246114,0.48424372392881154,0.5594170144520086,0.4440021136380355,0.41083613642709016,0.5773762808372824
0.0,0.0,0.0,0.0,0.0,0.0,0.0,341.87162477173024,127.33122460319866,0.0,1.0,0.7286222264574287,0.0,0.5036680482161373,0.47963233253804216,0.5365725338217857,0.41728183215592013,0.5337262690990946,0.5273951299073515,0.4893940016747246,0.5981513256112211,0.5218890962138913,0.4625001003556355,0.466411521110935,0.4792654099791889,0.5403451139341446,0.46740900289997994,0.4108312418796846,0.577263468041886
0.0,0.0,0.0,0.0,0.0,0.0,0.0,352.902344028103,0.0,0.0,1.0,1.0,0.0,0.5121260692726184,0.46475074418459256,0.5880967264815739,0.3684158392589987,0.5722138579070386,0.514920896546168,0.5142767880036,0.6922565233422896,0.48730820178002743,0.40777385869965455,0.4690492092568614,0.46514630615435526,0.595945369464636,0.41908674357485476,0.3632941113442248,0.6210552269663784
0.0,0.0,0.0,0.0,0.0,0.0,109.92868234425774,9.602985050787897,37.38936284772263,313.84206048553676,0.33333333333333315,0.7617313448052274,0.9196615820722173,0.0,0.5105609251733229,0.4561821008774656,0.507473400408604,0.4195836973833258,0.5382661427407828,0.5990295186858353,0.43422628380079514,0.39603584175008966,0.5570470182864377,0.5579993714567515,0.4479712226322744,0.4658037489725296,0.49123774895745514,0.5125661187286163,0.403034430218216
0.0,0.0,0.0,0.0,0.0,0.0,143.40955674623564,8.383276243007044,133.1082815580609,142.45055727365167,0.6666666666666669,0.5327912922714795,0.9447715937708261,0.0,0.5175682350049793,0.4281483721407899,0.5187019810940464,0.39594668867359967,0.568451661737666,0.5823295726066702,0.3932487324216327,0.4292952679406657,0.5877164107020116,0.5374384687752253,0.44299290868265173,0.4467318484546656,0.5146446382193997,0.5125612241812109,0.4029216174228195
0.0,0.0,0.0,0.0,0.0,0.0,167.50225581820453,5.201561713350065,395.67897952605665,0.0,1.0,0.3038512397377314,0.969881605469435,0.0,0.5245755448366357,0.4001146434041142,0.5299305617794888,0.3723096799638736,0.5986371807345492,0.565629626527505,0.35227118104247024,0.46255469413124173,0.6183858031175856,0.5168775660936992,0.4380145947330291,0.4276599479368016,0.5380515274813441,0.5125563296338054,0.4028088046274231
0.0,0.0,0.0,0.0,0.0,0.0,185.32559895731706,152.31988973093948,0.0,168.82274434412804,0.666666666666667,1.0,0.5488762775338771,0.0,0.5026866466515297,0.47967256480057796,0.469835988197125,0.43443427748154373,0.5559774283764825,0.6072123589355456,0.4873539301527012,0.3947143735068017,0.5329901690460307,0.5400761569211517,0.4288738048578181,0.5023321039851569,0.4663223788942744,0.46502409364575104,0.4467133763473119
0.0,0.0,0.0,0.0,0.0,0.0,242.46057972162785,179.95470139220768,122.04108001163087,0.0,1.0,0.775847820458273,0.573986289232486,0.0,0.509693956483186,0.45163883606390226,0.48106456888256743,0.41079726877181766,0.5861629473733657,0.5905124128563803,0.44637637877353875,0.42797379969737775,0.5636595614616047,0.5195152542396255,0.42389549090819545,0.483260203467293,0.48972926815621887,0.4650191990983455,0.44660056355191546
0.0,0.0,0.0,0.0,0.0,0.0,70.37645212995132,324.79490858643373,0.0,0.0,1.0,1.0,0.17809097299553694,0.0,0.4948123681297365,0.5031630287236902,0.432198575985646,0.4492848575797617,0.5736887140121821,0.6153951991852558,0.5404815765046072,0.39339290526351384,0.5089333198056236,0.522152942385552,0.4097763870833618,0.5388604589977843,0.44140700883109363,0.41748206856288567,0.4903923224764078
0.0,0.0,0.0,0.0,0.0,0.0,266.3670718929161,0.0,0.0,133.18353594645808,0.6666666666666666,1.0,1.0,0.0,0.5327482705966736,0.39473886704269445,0.5336187249237723,0.3115052771542669,0.6147452458424967,0.7083307701172014,0.3355789833150188,0.3007990769902882,0.6341496301519998,0.5931798900498423,0.37350388578682464,0.4452471935183052,0.4886426441505133,0.5192120508644119,0.3160504718573413
0.0,0.0,0.0,0.0,0.0,0.0,351.06188120598586,0.0,75.46371789465589,0.0,1.0,0.8230734144591174,1.0,0.0,0.53975558042833,0.36670513830601875,0.5448473056092147,0.28786826844454083,0.6449307648393798,0.6916308240380362,0.2946014319358564,0.3340585031808643,0.6648190225675737,0.5726189873683161,0.368525571837202,0.42617529300044127,0.5120495334124577,0.5192071563170064,0.3159376590619448
0.0,0.0,0.0,0.0,0.0,0.0,462.3810936417245,3.04634841684169,0.0,0.0,1.0,1.0,0.9934547296924139,0.0,0.5248739920748804,0.41822933096580683,0.4959813127122933,0.3263558572524849,0.6324565314781964,0.7165136103669115,0.3887066296669249,0.2994776087470003,0.6100927809115928,0.5752566755142425,0.3544064680123683,0.4817755485309326,0.46372727408733255,0.47167002578154654,0.3597294179864372
0.0,0.0,0.0,0.0,0.0,0.0,392.10252892222155,0.0,0.0,0.0,1.0,1.0,1.0,0.0,0.5549356160200244,0.33329563320792327,0.5597640494389405,0.203426856925208,0.6912243489442105,0.8176320215485674,0.23693168282924243,0.20556231223048665,0.711252242017562,0.6283604086429331,0.2990365489413749,0.4246906380640809,0.4860475393435714,0.5258579830002075,0.22906651349646667
0.0,0.0,0.0,0.0,0.0,113.23065635967893,0.0,25.39631593773475,52.54011997312268,382.33418454107266,0.33333333333333337,0.7251612746258189,0.8168010487652513,1.0,0.0,0.6254559036015541,0.6222391798623884,0.5815860983469178,0.41525283320381023,0.4961548067965094,0.5989427087859893,0.46958161693050043,0.28157747281954526,0.4709837832388424,0.4496396269676118,0.5509219371107077,0.540906954601133,0.48077922773427423,0.5372277513463368
0.0,0.0,0.0,0.0,0.0,170.9855231186976,0.0,32.10662182175636,206.18528193826066,204.63871343935696,0.6666666666666671,0.4962212220920709,0.8419110604638602,1.0,0.0,0.5974221748648785,0.6334677605478308,0.5579490896371917,0.4454383522006935,0.4794548607173442,0.5579651574068268,0.5028410431210765,0.31224686523511924,0.4504228805573162,0.4446613130179891,0.5318500365928437,0.5643138438630775,0.4807743331868687,0.5371149385509404
0.0,0.0,0.0,0.0,0.0,137.07745032532338,0.0,21.024186101382455,433.41641435092964,0.0,1.0,0.26728116955832293,0.8670210721624692,1.0,0.0,0.5693884461282028,0.6446963412332732,0.5343120809274655,0.4756238711975767,0.462754914638179,0.5169876060276645,0.5361004693116526,0.3429162576506932,0.42986197787579006,0.4396829990683665,0.5127781360749797,0.5877207331250219,0.4807694386394632,0.537002125755544
0.0,0.0,0.0,0.0,0.0,167.87676089664456,0.0,208.5152455954783,12.35524169803383,194.37362409507787,0.6666666666666672,0.9682178028126125,0.44601574422691115,1.0,0.0,0.6489463675246665,0.5846017676509094,0.5964366784451357,0.4329641188395099,0.5043376470462196,0.6520703551378954,0.46826014868721255,0.2575206235791383,0.4530605687032426,0.43054220919315545,0.5874502921233351,0.5159915845379522,0.43323720265140886,0.5809066974754327
0.0,0.0,0.0,0.0,0.0,151.51375752966234,0.0,170.08563631374082,113.41896525382647,0.0,1.0,0.7392777502788646,0.47112575592552003,1.0,0.0,0.6209126387879909,0.5958303483363517,0.5727996697354096,0.4631496378363931,0.48763770096705444,0.6110928037587329,0.5015195748777885,0.2881900159947123,0.4324996660217164,0.4255638952435328,0.5683783916054711,0.5393984737998967,0.43323230810400337,0.5807938846800362
0.0,0.0,0.0,0.0,0.0,29.34779175964569,0.0,360.7574885116884,0.0,0.0,1.0,1.0,0.07523043968857102,1.0,0.0,0.6724368314477789,0.5469643554394303,0.6112872585433538,0.4506754044752096,0.5125204872959298,0.7051980014898014,0.46693868044392467,0.23346377433873128,0.4351373541676429,0.41144479141869916,0.6239786471359624,0.49107621447477146,0.3856951775685435,0.6245856436045286
0.0,0.0,0.0,0.0,0.0,128.98799331997415,186.48968339767956,0.0,0.0,157.73883835882674,0.6666666666666669,1.0,1.0,0.40886567525795453,0.0,0.564012669766783,0.6483845043775567,0.4735076781178588,0.49173193630552414,0.6054560582278754,0.5002954083002129,0.37434485217069896,0.35868008468510737,0.5061643018319332,0.375172290122162,0.5303653816564834,0.5383118497941911,0.48742515987006974,0.45024379298546213
0.0,0.0,0.0,0.0,0.0,131.0992849618915,200.11805875706187,0.0,89.90908394078778,0.0,1.0,0.786503344279709,1.0,0.39581044727275116,0.0,0.5359789410301073,0.6596130850629991,0.44987066940813275,0.5219174553024073,0.5887561121487103,0.45931785692105054,0.407604278361275,0.38934947710068135,0.485603399150407,0.37019397617253935,0.5112934811386194,0.5617187390561356,0.48742026532266425,0.4501309801900657
0.0,0.0,0.0,0.0,0.0,198.0190475606825,291.80161141640525,60.172436604565796,0.0,0.0,1.0,1.0,0.8905941963854482,0.4042684683292323,0.0,0.5875031336898954,0.6107470921660776,0.4883582582160768,0.5094432219412238,0.6136388984775856,0.553423054652119,0.3730233839274111,0.3346232354447004,0.4882410872963334,0.3560748723477057,0.5668937366691107,0.5133964797310103,0.43988313478720437,0.49392273911455803
0.0,0.0,0.0,0.0,0.0,0.0,418.1292299094164,0.0,0.0,0.0,1.0,1.0,1.0,0.0,0.0,0.5025694359320119,0.674529828892725,0.3654292578888,0.5682110394072379,0.7147573096592414,0.40164810781443666,0.2791080874108975,0.4357826965506695,0.541344820425024,0.3007049532767122,0.509808826202259,0.5357167449872493,0.49407109200586524,0.36325983462458744
0.0,0.0,0.0,0.0,0.0,292.91029900350645,0.0,0.0,6.321778359053918,149.6160386812798,0.6666666666666672,0.9788733266340486,1.0,1.0,0.0,0.7332864724908716,0.7631502838313411,0.6355100790814507,0.36871862676855155,0.5025813463385495,0.6650118332854071,0.44789062735110974,0.08321053921821497,0.41914871361402406,0.37684069445749935,0.6154835697946615,0.5879810554378689,0.45563826887572756,0.5844371141135829
0.0,0.0,0.0,0.0,0.0,239.06251715721197,0.0,0.0,79.7158667516987,0.0,1.0,0.7499332741003006,1.0,1.0,0.0,0.705252743754196,0.7743788645167835,0.6118730703717248,0.39890414576543476,0.4858814002593843,0.6240342819062447,0.4811500535416858,0.1138799316337889,0.3985878109324979,0.3718623805078767,0.5964116692767975,0.6113879446998134,0.45563337432832207,0.5843243013181865
0.0,0.0,0.0,0.0,0.0,466.21010610961423,0.0,125.62712005087987,0.0,0.0,1.0,1.0,0.7877336630784824,1.0,0.0,0.756776936413984,0.725512871619862,0.6503606591796688,0.38642991240425123,0.5107641865882596,0.7181394796373132,0.44656915910782186,0.059153689977807955,0.4012254990784243,0.35774327668304307,0.6520119248072889,0.5630656853746883,0.40809624379286225,0.6281160602426789
0.0,0.0,0.0,0.0,0.0,467.9287778099627,28.84855407554425,0.0,0.0,0.0,1.0,1.0,1.0,0.941928602164575,0.0,0.6718432386561005,0.7892956083465094,0.527431658852392,0.4451977298702654,0.6118825977699155,0.5663645327996307,0.35265386259130826,0.16031315108377708,0.4543292322071149,0.30237335761204953,0.5949270143404372,0.5853859506309271,0.4622842010115231,0.49745315575270826
0.0,0.0,0.0,0.0,0.0,478.566480139363,0.0,0.0,0.0,0.0,1.0,1.0,1.0,1.0,0.0,0.8411170413801891,0.9040613878002938,0.6894340598159839,0.32218442033329286,0.5090078858805895,0.731080957784825,0.4261996377717191,0.0,0.36731364398920574,0.30404176194738697,0.6800452024786153,0.635055156274605,0.43049731001718095,0.6316464768808291
0.0,0.0,0.0,0.0,117.35468892943571,0.0,0.0,14.865843044366082,68.10855959022474,400.65818312805237,0.33333333333333376,0.6600166303431931,0.8875678170217043,1.0,1.0,0.0,0.47911842739329186,0.6877949982509359,0.5041882434037003,0.4958427898118111,0.4669607972056189,0.44724257558994973,0.850703232293978,0.46906007700113217,0.5011657559476594,0.4279046211504086,0.3380059182615154,0.8926010650469272,0.4399373794150746
0.0,0.0,0.0,0.0,121.46717483651796,0.0,0.0,11.621600867423382,175.64703263026252,154.36790416710141,0.6666666666666674,0.4310765778094451,0.9126778287203132,1.0,1.0,0.0,0.4903470080787342,0.6641579895412099,0.5343737624005835,0.479142843732646,0.42598324582645647,0.4805020017805258,0.8813726247095519,0.448499174319606,0.4961874419980368,0.4088327206325446,0.36141280752345983,0.8925961704995216,0.43982456661967817
0.0,0.0,0.0,0.0,66.22131311749187,0.0,0.0,4.393073488235433,278.7256770439039,0.0,1.0,0.2021365252756971,0.9377878404189222,1.0,1.0,0.0,0.5015755887641766,0.6405209808314838,0.5645592813974667,0.4624428976534808,0.38500569444729404,0.5137614279711018,0.9120420171251259,0.42793827163807985,0.49120912804841416,0.3897608201146806,0.3848196967854043,0.8925912759521162,0.43971175382428174
0.0,0.0,0.0,0.0,171.39253528015746,0.0,0.0,160.26058985471212,35.596329687518406,183.62472741119328,0.6666666666666675,0.9030731585299867,0.5167825124833642,1.0,1.0,0.0,0.4414810151818128,0.7026455783491539,0.5218995290394,0.5040256300615213,0.5200884435575249,0.44592110734666185,0.826646383053571,0.4511368624655324,0.48206833817320316,0.46443297616303597,0.3130905481983346,0.8450590399640618,0.4836163255441705
0.0,0.0,0.0,0.0,223.73373417942088,0.0,0.0,189.14100425171642,199.57810620551356,0.0,1.0,0.6741331059962388,0.5418925241819731,1.0,1.0,0.0,0.45270959586725523,0.6790085696394279,0.5520850480362832,0.48732568398235615,0.4791108921783625,0.4791805335372379,0.857315775469145,0.43057595978400626,0.4770900242235805,0.44536107564517197,0.33649743746027905,0.8450541454166562,0.48350351274877407
0.0,0.0,0.0,0.0,59.84997133378057,0.0,0.0,350.0891787102215,0.0,0.0,1.0,1.0,0.14599720794502402,1.0,1.0,0.0,0.40384360297033384,0.7174961584473719,0.5396108146750996,0.5122084703112315,0.573216089909431,0.44459963910337397,0.8025895338131639,0.43321364792993267,0.4629709203987468,0.5009613311756633,0.28817517813515386,0.7975170148811964,0.5272952716732664
0.0,0.0,0.0,0.0,159.41345779958087,0.0,155.1807172768262,0.0,16.453481503780342,165.5238282900932,0.6666666666666673,0.9502987525308311,1.0,0.5067273027571579,1.0,0.0,0.5052637519084601,0.579716578021877,0.5806673465054142,0.6051440412431772,0.36831349671984254,0.35200581083014826,0.9278058441595401,0.504240595594223,0.4266984191022097,0.40734806569618426,0.3354108134545735,0.8992469971827226,0.3529534210541999
0.0,0.0,0.0,0.0,169.53256789334228,0.0,173.87872992344364,0.0,132.65046981445568,0.0,1.0,0.7213586999970831,1.0,0.4936720747719545,1.0,0.0,0.5164923325939025,0.556079569312151,0.6108528655022973,0.588444095164012,0.3273359453406801,0.3852652370207243,0.9584752365751141,0.48367969291269686,0.42172010515258707,0.38827616517832025,0.35881770271651797,0.8992421026353171,0.3528406082588035
0.0,0.0,0.0,0.0,196.57564196663165,0.0,194.90784727197453,15.734510698004977,0.0,0.0,1.0,1.0,0.9613609646419012,0.5021300958284356,1.0,0.0,0.4676263396969811,0.5945671581200951,0.5983786321411139,0.6133268814928874,0.4214411430717486,0.3506843425868604,0.9037489949191331,0.48631738105862327,0.40760100132775334,0.4438764207088116,0.3104954433913928,0.8517049720998573,0.3966323671832958
0.0,0.0,0.0,0.0,0.0,0.0,575.260486448145,0.0,0.0,0.0,1.0,1.0,1.0,0.0,1.0,0.0,0.5314090764236283,0.4716381577928182,0.657146449607128,0.7144452926745432,0.26966619623406624,0.25676904607034684,1.0,0.5394211141873139,0.3522310822567599,0.3867915102419599,0.33281570864763166,0.9058929293185182,0.2659694626933253
0.0,0.0,0.0,0.0,159.74190871388367,106.50266914088257,0.0,0.0,25.13795505380217,145.69126645428364,0.6666666666666675,0.9137286823514226,1.0,1.0,0.5999818287417717,0.0,0.6200295313622445,0.741718978985469,0.45765403696844165,0.5022693293538512,0.5330299217050367,0.4255515860105591,0.6523362986926478,0.4172250073763139,0.42836682343754706,0.4924662538343624,0.38508001909825135,0.8674601061883804,0.48714674218232074
0.0,0.0,0.0,0.0,145.71700409955065,94.3482538093816,0.0,0.0,110.50314737088347,0.0,1.0,0.6847886298176746,1.0,1.0,0.6069891385734282,0.0,0.6312581120476869,0.7180819702757429,0.48783955596532486,0.485569383274686,0.4920523703258743,0.4588110122011351,0.6830056911082216,0.39666410469478774,0.4233885094879244,0.4733943533164984,0.4084869083601958,0.8674552116409749,0.4870339293869243
0.0,0.0,0.0,0.0,207.4501853824688,142.9087744135975,0.0,57.74678716467961,0.0,0.0,1.0,1.0,0.8585004313349353,1.0,0.5921075502199786,0.0,0.5823921191507655,0.756569559083687,0.4753653226041413,0.5104521696035614,0.5861575680569427,0.42423011776727115,0.6282794494522408,0.39930179284071415,0.4092694056630907,0.5289946088469897,0.3601646490350706,0.8199180811055151,0.5308256883114166
0.0,0.0,0.0,0.0,356.59381792644956,216.55225348564878,0.0,0.0,0.0,0.0,1.0,1.0,1.0,1.0,0.6221691741651225,0.0,0.6461748558774127,0.6336405587564101,0.5341331400701554,0.6115705807852172,0.43438262121926036,0.33031482125075756,0.7294389105582099,0.45240552596940475,0.35389948659209725,0.471909698380138,0.3824849142913095,0.874106038324176,0.40016278382144604
0.0,0.0,0.0,0.0,0.0,631.4086114271201,0.0,0.0,0.0,0.0,1.0,1.0,1.0,1.0,0.0,0.0,0.7609406353311972,0.7956429597200021,0.4111198305331829,0.5086958688958912,0.5990990462044545,0.40386059643116834,0.4539693650913174,0.3653899377514956,0.3555678909274346,0.5570278865183161,0.4321541199349873,0.8423191473298339,0.5343561049495669
0.0,0.0,0.0,0.0,110.99814312061335,0.0,0.0,0.0,19.805805741331255,65.40197443097192,0.666666666666668,0.8485840380687968,1.0,1.0,1.0,0.0,0.4769087788931479,0.8479278788894873,0.5465894471683317,0.501957312369153,0.4010480101246663,0.40321254467000833,1.0,0.4153013011386037,0.4798929524175947,0.3694489378740633,0.1821789827586336,1.0,0.38985637025105857
0.0,0.0,0.0,0.0,243.30581290532595,0.0,0.0,0.0,149.34838625588557,0.0,1.0,0.6196439855350488,1.0,1.0,1.0,0.0,0.48813735957859034,0.8242908701797611,0.5767749661652148,0.4852573662899878,0.36007045874550386,0.4364719708605844,1.0,0.39474039845707753,0.4749146384679721,0.3503770373561993,0.2055858720205781,1.0,0.3897435574556621
0.0,0.0,0.0,0.0,376.54467431722793,0.0,0.0,28.661357363218585,0.0,0.0,1.0,1.0,0.9292671995913884,1.0,1.0,0.0,0.43927136668166894,0.8627784589877052,0.5643007328040314,0.5101401526188631,0.4541756564765723,0.40189107642672045,1.0,0.39737808660300394,0.46079553464313844,0.40597729288669065,0.15726361269545291,1.0,0.4335353163801544
0.0,0.0,0.0,0.0,296.7587075816347,0.0,0.0,0.0,0.0,0.0,1.0,1.0,1.0,1.0,1.0,0.0,0.5030541034083162,0.7398494586604284,0.6230685502700456,0.611258563800519,0.30240070963889,0.30797577991020686,1.0,0.45048181973169454,0.40542561557214496,0.3488923824198389,0.17958387795169178,1.0,0.3028724118901839
0.0,0.0,0.0,0.0,454.7576506831553,0.0,0.0,0.0,0.0,0.0,1.0,1.0,1.0,1.0,1.0,0.0,0.6178198828621005,0.9018518596240204,0.5000552407330731,0.508383851911193,0.4671171346240841,0.3815215550906177,1.0,0.36346623151378543,0.40709401990748234,0.43401057055801706,0.2292530835953696,1.0,0.43706573301830465
0.0,0.0,0.0,0.0,557.1130262910377,0.0,0.0,0.0,0.0,0.0,1.0,1.0,1.0,1.0,1.0,0.0,0.47469913039300404,1.0,0.588990650932963,0.5080718349264948,0.33513522304371374,0.359182513750067,1.0,0.3615425252760752,0.45862014888753,0.310993254597718,0.02635204725575202,1.0,0.3397753610870425
0.0,0.0,0.0,46.61277221555306,0.0,0.0,43.49675980456646,21.58743374610729,33.795057071903955,290.9840456762615,0.33333333333333337,0.7677188315025139,0.8067321381738504,0.5172901375755168,1.0,1.0,0.0,0.1547192206187617,0.5363586689742085,0.4727215930371979,0.20960989025473925,0.6292897174178933,0.0,0.3733652424687798,0.4724213209956691,0.7462772553138408,0.4983324767568538,0.0,0.9254992585964713
0.0,0.0,0.0,95.71941012981539,0.0,0.0,94.11157600239547,38.37455281687507,195.3552022253831,211.78037058723413,0.6666666666666671,0.5387787789687659,0.8318421498724592,0.5042349095903135,1.0,1.0,0.0,0.13108221190903557,0.5665441879710917,0.4560216469580327,0.16863233887557683,0.6625491436084694,0.014617368326264923,0.35280433978725356,0.46744300704604647,0.7272053547959767,0.5217393660187982,0.0,0.9253864458010749
0.0,0.0,0.0,78.83985221803306,0.0,0.0,81.67137243278083,26.79354199630602,417.21865365683976,0.0,1.0,0.3098387264350179,0.856952161571068,0.49117968160511005,1.0,1.0,0.0,0.1074452031993095,0.5967297069679749,0.43932170087886757,0.1276547874964144,0.6958085697990454,0.04528676074183885,0.33224343710572746,0.4624646930964238,0.7081334542781128,0.5451462552807427,0.0,0.9252736330056784
0.0,0.0,0.0,84.43070082613687,0.0,0.0,80.25013594612406,213.07356827509534,0.0,188.8772025236777,0.6666666666666672,1.0,0.4359468336355101,0.5126929306467946,1.0,1.0,0.0,0.16956980071697964,0.5540699546099082,0.4809044332869081,0.26273753660664534,0.6279682491746055,0.0,0.35544202793318,0.4533239032212128,0.7828056103264681,0.47341710669367304,0.0,0.9691782047255673
0.0,0.0,0.0,105.64515617533503,0.0,0.0,105.79836702669478,247.16266677612953,127.97027411968398,0.0,1.0,0.7818353071555595,0.461056845334119,0.4996377026615912,1.0,1.0,0.0,0.1459327920072535,0.5842554736067913,0.46420448720774293,0.22175998522748286,0.6612276753651815,0.0,0.3348811252516538,0.44834558927159013,0.7637337098086041,0.4968239959556175,0.0,0.9690653919301708
0.0,0.0,0.0,14.293699394901237,0.0,0.0,13.838203173191227,403.5937330618156,0.0,0.0,1.0,1.0,0.06516152909716999,0.5080957237180723,1.0,1.0,0.0,0.18442038081519763,0.5717812402456078,0.4890872735366183,0.31586518295855137,0.6266467809313174,0.0,0.3375188133975803,0.43422648544675646,0.8193339653390954,0.4485017366304923,0.0,1.0
0.0,0.0,0.0,0.0,0.0,0.0,262.83081053371683,0.0,0.0,131.41540526685824,0.666666666666667,1.0,1.0,0.0,1.0,1.0,0.0,0.04664080038970275,0.6128377720759224,0.5820228444685639,0.11096258976896295,0.5340529526580918,0.06105058777625305,0.40854576106187057,0.3979539841502193,0.7257206998596164,0.49573737194991196,0.0,0.8385153002355966
0.0,0.0,0.0,0.0,0.0,0.0,336.590061673701,0.0,69.39948771189067,0.0,1.0,0.829060901156404,1.0,0.0,1.0,1.0,0.0,0.023003791679976626,0.6430232910728055,0.5653228983893988,0.06998503838980047,0.5673123788486678,0.09171998019182698,0.3879848583803444,0.39297567020059665,0.7066487993417524,0.5191442612118564,0.0,0.8384024874402002
0.0,0.0,0.0,0.0,0.0,0.0,452.41240986048837,61.385907075416895,0.0,0.0,1.0,1.0,0.8805252857940471,0.0,1.0,1.0,0.0,0.06149138048792069,0.6305490577116221,0.5902056847182741,0.16409023612086893,0.5327314844148039,0.03699373853584603,0.3906225465262708,0.37885656637576304,0.7622490548722437,0.4708220018867312,0.0,0.8821942463646926
0.0,0.0,0.0,0.0,0.0,0.0,485.22339365123406,0.0,0.0,0.0,1.0,1.0,1.0,0.0,1.0,1.0,0.0,0.0,0.6893168751776362,0.6913240958999299,0.012315289283186592,0.43881618789829036,0.13815319964181516,0.4437262796549614,0.3234866473047696,0.705164144405392,0.4931422671429701,0.0,0.7515313418747219
0.0,0.0,0.0,131.6382805483928,0.0,96.93018703160726,0.0,0.0,0.0,114.28423378999976,0.6666666666666672,1.0,1.0,1.0,0.5759249381252415,1.0,0.0,0.20864320135329478,0.4898244625389498,0.47914813257923794,0.27567901475415707,0.6075987278385027,0.0,0.32153017284396146,0.3996223884855567,0.8108388879977946,0.5454065775935898,0.0,0.9727086213637174
0.0,0.0,0.0,203.387545520455,0.0,145.51671605248427,0.0,0.0,91.35857546557199,0.0,1.0,0.7924908309769954,1.0,1.0,0.5829322479568979,1.0,0.0,0.18500619264356866,0.520009981535833,0.4624481865000728,0.23470146337499465,0.6408581540290786,0.0,0.3009692701624353,0.39464407453593403,0.7917669874799305,0.5688134668555342,0.0,0.972595808568321
0.0,0.0,0.0,132.10626203313396,0.0,100.45444324860327,0.0,66.48937322313958,0.0,0.0,1.0,1.0,0.7776647524870812,1.0,0.5680506596034482,1.0,0.0,0.22349378145151272,0.5075357481746495,0.48733097282894816,0.3288066611060631,0.6062772595952147,0.0,0.3036069583083617,0.38052497071110036,0.8473672430104219,0.520491207530409,0.0,1.0
0.0,0.0,0.0,92.14382262909616,0.0,61.91391061525068,230.8574571836113,0.0,0.0,0.0,1.0,1.0,1.0,0.40023812277468623,0.5981122835485922,1.0,0.0,0.10056478112423584,0.5663035656406636,0.588449384010604,0.1770317142683807,0.5123619630787011,0.0,0.3567106914370523,0.32515505164010694,0.7902823325435702,0.5428114727866479,0.0,0.8857246630028428
0.0,0.0,0.0,0.0,0.0,358.5020927242872,0.0,0.0,0.0,0.0,1.0,1.0,1.0,1.0,0.0,1.0,0.0,0.2625671820878278,0.4432902561036911,0.48557467212127803,0.34174813925357495,0.5859077382591119,0.0,0.2696951032191432,0.32682345597544427,0.8754005206817483,0.5924806784303258,0.0,1.0
0.0,0.0,0.0,71.58875830845106,339.87319552655816,0.0,0.0,0.0,18.80875064268738,215.13535223884747,0.6666666666666675,0.9562862392281175,1.0,1.0,1.0,0.1739863373544306,0.0,0.31485210125731294,0.5787598727388399,0.4788361155945397,0.14369710317378664,0.5852596864979519,0.3547068017837933,0.3196064666062513,0.45114851746560436,0.6878215720374954,0.34250554125397215,0.33587340995671144,0.8754182494324552
0.0,0.0,0.0,56.77779679660763,332.2374961421217,0.0,0.0,0.0,145.82671222351584,0.0,1.0,0.7273461866943696,1.0,1.0,1.0,0.1459526086177549,0.0,0.2912150925475868,0.608945391735723,0.4621361695153745,0.10271955179462422,0.6185191126885279,0.3853761941993673,0.29904556392472514,0.44617020351598174,0.6687496715196315,0.3659124305159166,0.33586851540930596,0.8753054366370587
0.0,0.0,0.0,54.236745439706624,220.41194791987357,0.0,0.0,49.064755097507025,0.0,0.0,1.0,1.0,0.8484315207435342,1.0,1.0,0.19747680127754286,0.0,0.3297026813555309,0.5964711583745396,0.48701895584424987,0.19682474952569268,0.583938218254664,0.33064995254338636,0.3016832520706515,0.4320510996911481,0.7243499270501228,0.3175901711907914,0.28833138487384624,0.9190971955615512
0.0,0.0,0.0,35.08163197879539,276.6356646094157,0.0,314.09569853336336,0.0,0.0,0.0,1.0,1.0,1.0,0.49809975027388953,1.0,0.11254310351965935,0.0,0.206773681028254,0.6552389758405537,0.5881373670259057,0.04504980268801029,0.49002292173815043,0.4318094136493555,0.35478698519934215,0.3766811806201546,0.6672650165832711,0.33991043644703034,0.342519342092507,0.7884342910715805
0.0,0.0,0.0,144.1858920929685,367.4437827011325,0.0,0.0,0.0,0.0,0.0,1.0,1.0,1.0,1.0,1.0,0.2818169062437481,0.0,0.368776081991846,0.5322256663035811,0.48526265513657973,0.20976622767320446,0.5635686969185612,0.1563398681824631,0.26777139698143304,0.378349584955492,0.7523832047214492,0.38957964209070817,0.31073245109816483,0.9226276121997014
0.0,0.0,0.0,0.0,550.3868980137826,0.0,0.0,0.0,0.0,0.0,1.0,1.0,1.0,1.0,1.0,0.0,0.0,0.47498498189586424,0.6211610765034712,0.4849506381518815,0.0777843160928341,0.5412296555780105,0.7254656276568959,0.26584769074372283,0.42987571393553964,0.6293658887611501,0.18667860575109047,0.7225542884108178,0.8253372402684391
0.0,0.0,0.0,111.93520151583444,0.0,0.0,108.1226615871387,0.0,0.0,110.02893155148631,0.6666666666666672,1.0,1.0,0.5086625850922485,1.0,1.0,0.0,0.0,0.6109302983093481,0.45571491881992643,0.0,0.7673068283258955,0.0,0.22391163207389886,0.422404082513614,1.0,0.5028320997493106,0.0,1.0
0.0,0.0,0.0,106.7786083886854,0.0,0.0,108.671398269756,0.0,42.55900191195843,0.0,1.0,0.8350483878536905,1.0,0.49560735710704507,1.0,1.0,0.0,0.0,0.6411158173062312,0.43901497274076123,0.0,0.8005662545164716,0.0,0.2033507293923727,0.4174257685639914,0.9871223056830636,0.5262389890112551,0.0,1.0
0.0,0.0,0.0,106.72212653746817,0.0,0.0,105.00066015002761,64.10307782555073,0.0,0.0,1.0,1.0,0.7675958418956803,0.5040653781635263,1.0,1.0,0.0,0.0,0.6286415839450477,0.46389775906963665,0.0,0.7659853600826075,0.0,0.2059884175382991,0.4033066647391577,1.0,0.47791672968612986,0.0,1.0
0.0,0.0,0.0,0.0,0.0,0.0,417.2035126045432,0.0,0.0,0.0,1.0,1.0,1.0,0.0,1.0,1.0,0.0,0.0,0.6874094014110619,0.5650161702512925,0.0,0.6720700635660939,0.0,0.25909215066698965,0.34793674566816424,0.9856376507467031,0.5002369949423687,0.0,1.0
0.0,0.0,0.0,516.0943285975077,0.0,0.0,0.0,0.0,0.0,0.0,1.0,1.0,1.0,1.0,1.0,1.0,0.0,0.0,0.5643960918740893,0.4621414583619665,0.0,0.7456158387465048,0.0,0.1720765624490806,0.34960515000350156,1.0,0.5499062005860466,0.0,1.0
0.0,0.0,0.0,465.3313263675918,0.0,0.0,0.0,0.0,0.0,0.0,1.0,1.0,1.0,1.0,1.0,1.0,0.0,0.0,0.6533315020739794,0.4618294413772682,0.0,0.7232767974059541,0.0,0.17015285621137038,0.4011312789835493,0.9477385229245822,0.34700516424642897,0.0,1.0
0.0,0.0,0.0,143.54358344997922,0.0,0.0,143.5234700343076,0.0,0.0,0.0,1.0,1.0,1.0,0.5000350326089802,1.0,1.0,0.0,0.0,0.6855019276444876,0.43870824460265495,0.0,0.9053239392338976,0.0,0.074458021679018,0.3723868440315589,1.0,0.5073317227417674,0.0,1.0
0.0,0.0,39.82808123088667,0.0,0.0,32.118550398007315,0.0,30.60451008114573,0.0,205.10228342007827,0.3333333333333346,1.0,0.7015683143959619,1.0,0.5535781221325669,1.0,1.0,0.0,1.0,0.6130451802108229,0.8129380830133475,0.8521331851082126,1.0,1.0,0.7664444073781478,0.21818429273724727,0.6999973748133934,0.0,0.0
0.0,0.0,63.91684236072609,0.0,0.0,50.101180078368046,0.0,42.88499550540378,33.49909026603514,95.20105410526584,0.6666666666666683,0.8240613479500225,0.7266783260945707,1.0,0.5605854319642233,1.0,1.0,0.0,1.0,0.5963452341316577,0.7719605316341849,0.8853926112987887,1.0,1.0,0.7614660934285251,0.19911239221938332,0.7234042640753379,0.0,0.0
0.0,0.0,111.12184383397684,0.0,0.0,84.65557834091592,0.0,64.6381926104912,177.16848242496522,0.0,1.0,0.5951212954162745,0.7517883377931796,1.0,0.5675927417958797,1.0,1.0,0.0,1.0,0.5796452880524925,0.7309829802550225,0.9186520374893646,1.0,1.0,0.7564877794789024,0.1800404917015193,0.7468111533372823,0.0,0.0
0.0,0.0,69.07344265877627,0.0,0.0,57.50335072009405,0.0,256.0812924561686,0.0,191.329042917518,0.6666666666666684,1.0,0.33078300985762166,1.0,0.5457038436107737,1.0,1.0,0.0,1.0,0.621228020460533,0.8660657293652534,0.8508117168649247,1.0,1.0,0.7473469896036915,0.2547126477498746,0.6750820047502126,0.0,0.022347477997528675
0.0,0.0,71.45618771319383,0.0,0.0,57.82686957295994,0.0,233.98075924172164,0.0,0.0,1.0,1.0,0.3558930215562306,1.0,0.5527111534424302,1.0,1.0,0.0,1.0,0.6045280743813679,0.825088177986091,0.8840711430555008,1.0,1.0,0.7423686756540688,0.23564074723201062,0.6984888940121571,0.0,0.022234665202132242
0.0,0.0,0.0,0.0,0.0,0.0,0.0,509.11277214905306,0.0,0.0,1.0,1.0,0.0,1.0,0.5378295650889805,1.0,1.0,0.0,1.0,0.6294108607102433,0.9191933757171594,0.8494902486216368,1.0,1.0,0.7282495718292351,0.291241002762502,0.6501666346870318,0.0,0.06602642412662463
0.0,0.0,88.39447119250882,0.0,0.0,65.13066390761607,0.0,0.0,0.0,76.76256755006192,0.6666666666666682,1.0,1.0,1.0,0.5757654675559176,1.0,1.0,0.0,1.0,0.7223464316421889,0.714290782527571,0.7568964203484111,1.0,1.0,0.691977070532698,0.19762773728302296,0.6974022700064515,0.0,0.0
0.0,0.0,132.30561192842325,0.0,0.0,94.72217156125264,0.0,0.0,0.0,0.0,1.0,1.0,1.0,1.0,0.582772777387574,1.0,1.0,0.0,1.0,0.7056464855630238,0.6733132311484087,0.7901558465389871,1.0,1.0,0.6869987565830753,0.17855583676515896,0.7208091592683961,0.0,0.0
0.0,0.0,218.01922913010367,0.0,0.0,165.8909870169599,0.0,111.2268714620996,0.0,0.0,1.0,1.0,0.7753614620161586,1.0,0.5678911890341245,1.0,1.0,0.0,1.0,0.7305292718918991,0.7674184288794771,0.7555749521051232,1.0,1.0,0.6728796527582417,0.23415609229565026,0.6724868999432708,0.0,0.0
0.0,0.0,108.83084592266579,0.0,0.0,73.17489693925307,136.97242600404792,0.0,0.0,0.0,1.0,1.0,1.0,0.57058996704692,0.5979528129792684,1.0,1.0,0.0,1.0,0.8316476830735549,0.6156434820417948,0.6616596555886096,1.0,1.0,0.6175097336872482,0.17707118182879855,0.6948071651995097,0.0,0.0
0.0,0.0,0.0,0.0,0.0,259.75424849373,0.0,0.0,0.0,129.87712424686399,0.6666666666666684,1.0,1.0,1.0,0.0,1.0,1.0,0.0,1.0,0.619471719752863,0.8790072075127653,0.8304421955288219,1.0,1.0,0.6936454748680354,0.282745925421201,0.7470714756501293,0.0,0.02587789463567891
0.0,0.0,0.0,0.0,0.0,451.40690691055676,0.0,0.0,0.0,0.0,1.0,1.0,1.0,1.0,0.0,1.0,1.0,0.0,1.0,0.6027717736736977,0.8380296561336027,0.863701621719398,1.0,1.0,0.6886671609184127,0.263674024903337,0.7704783649120739,0.0,0.025765081840282478
0.0,0.0,0.0,0.0,0.0,304.5952490390071,0.0,148.33386382281643,0.0,0.0,1.0,1.0,0.6725009287091928,1.0,0.0,1.0,1.0,0.0,1.0,0.6276545600025731,0.9321348538646712,0.829120727285534,1.0,1.0,0.674548057093579,0.31927428043382844,0.7221561055869486,0.0,0.06955684076477481
0.0,0.0,0.0,0.0,0.0,456.641220909357,0.0,0.0,0.0,0.0,1.0,1.0,1.0,1.0,0.0,1.0,1.0,0.0,1.0,0.728772971184229,0.7803599070269889,0.7352054307690203,1.0,1.0,0.6191781380225856,0.2621893699669767,0.7444763708431875,0.0,0.0
0.0,0.0,0.0,0.0,0.0,422.3398362128224,0.0,0.0,0.0,0.0,1.0,1.0,1.0,1.0,0.0,1.0,1.0,0.0,1.0,0.625898259294903,0.945076332012183,0.8087512059494313,1.0,1.0,0.6208465423579229,0.3473075581051548,0.7941455764868655,0.0,0.07308725740292504
0.0,0.0,386.26531345012455,0.0,0.0,0.0,0.0,0.0,0.0,193.13265672506049,0.6666666666666687,1.0,1.0,1.0,1.0,1.0,1.0,0.0,1.0,0.6191597027681647,0.7470252959323949,0.8081031541882713,1.0,1.0,0.7451716038480831,0.159728609460902,0.5441704393105118,0.3496915317883651,0.0
0.0,0.0,509.05810358064133,0.0,0.0,0.0,0.0,0.0,0.0,0.0,1.0,1.0,1.0,1.0,1.0,1.0,1.0,0.0,1.0,0.6024597566889995,0.7060477445532324,0.8413625803788473,1.0,1.0,0.7401932898984604,0.140656708943038,0.5675773285724562,0.3496866372409596,0.0
0.0,0.0,153.4969213729149,0.0,0.0,0.0,0.0,53.01941453076908,0.0,0.0,1.0,1.0,0.7432676969656458,1.0,1.0,1.0,1.0,0.0,1.0,0.6273425430178748,0.8001529422843008,0.8067816859449833,1.0,1.0,0.7260741860736267,0.1962569644735293,0.519255069247331,0.3021495067054998,0.0
0.0,0.0,570.502537123587,0.0,0.0,0.0,0.0,0.0,0.0,0.0,1.0,1.0,1.0,1.0,1.0,1.0,1.0,0.0,1.0,0.7284609541995307,0.6483779954466184,0.7128663894284697,1.0,1.0,0.6707042670026333,0.13917205400667765,0.5415753345035699,0.35633746392416066,0.0
0.0,0.0,200.85891934411802,0.0,0.0,101.09994220712753,0.0,0.0,0.0,0.0,1.0,1.0,1.0,1.0,0.6651863711243665,1.0,1.0,0.0,1.0,0.6255862423102048,0.8130944204318127,0.7864121646088805,1.0,1.0,0.6723726713379706,0.2242902421448557,0.5912445401472477,0.3245505729298185,0.0
0.0,0.0,108.87431818652267,0.0,255.01907719792086,0.0,0.0,0.0,0.0,0.0,1.0,1.0,1.0,1.0,1.0,0.29919289431318175,1.0,0.0,1.0,0.6252742253255065,0.6811125088514423,0.7640731232683298,1.0,1.0,0.7238988003180183,0.10127292618455663,0.38834350380763005,0.7363724102424715,0.0
0.0,0.0,107.6146614144072,0.0,0.0,0.0,0.0,0.0,0.0,53.80733070720318,0.6666666666666684,1.0,1.0,1.0,1.0,1.0,1.0,0.0,1.0,0.5960385059935515,0.48967438898151516,0.9901502960162147,1.0,1.0,0.7164271688960927,0.4781012436243341,0.7044969978058502,0.0,0.4141494018858134
0.0,0.0,374.44802941374274,0.0,0.0,0.0,0.0,0.0,0.0,0.0,1.0,1.0,1.0,1.0,1.0,1.0,1.0,0.0,1.0,0.5793385599143862,0.44869683760235274,1.0,1.0,1.0,0.71144885494647,0.4590293431064701,0.7279038870677946,0.0,0.41403658909041696
0.0,0.0,207.366840113856,0.0,0.0,0.0,0.0,105.67183320247912,0.0,0.0,1.0,1.0,0.6624320181177917,1.0,1.0,1.0,1.0,0.0,1.0,0.6042213462432616,0.5428020353334212,0.9888288277729269,1.0,1.0,0.6973297511216364,0.5146295986369614,0.6795816277426694,0.0,0.45782834801490935
0.0,0.0,311.56644395821183,0.0,0.0,0.0,0.0,0.0,0.0,0.0,1.0,1.0,1.0,1.0,1.0,1.0,1.0,0.0,1.0,0.7053397574249174,0.39102708849573886,0.8949135312564132,1.0,1.0,0.6419598320506429,0.45754468817010974,0.7019018929989084,0.0,0.3271654435249388
0.0,0.0,417.42964075764905,0.0,0.0,233.65512986778626,0.0,0.0,0.0,0.0,1.0,1.0,1.0,1.0,0.6411294805078362,1.0,1.0,0.0,1.0,0.6024650455355914,0.555743513480933,0.9684593064368241,0.8728004792938084,1.0,0.6436282363859803,0.5426628763082878,0.7515710986425862,0.0,0.4613587646530595
0.0,0.0,414.44938598589306,0.0,0.0,0.0,0.0,0.0,0.0,0.0,1.0,1.0,1.0,1.0,1.0,1.0,1.0,0.0,1.0,0.6021530285508933,0.4237616019005626,0.9461202650962734,1.0,1.0,0.695154365366028,0.41964556034798883,0.5486700623029686,0.0,0.36406839272179736
0.0,0.0,0.0,489.24408098512214,0.0,0.0,0.0,0.0,0.0,0.0,1.0,1.0,1.0,1.0,1.0,1.0,0.0,0.0,1.0,0.5790318317762799,0.1664106949496829,1.0,0.575170982384954,1.0,0.6664099304140376,0.7380181945114208,0.7089966207983069,0.0,0.8496302719031941
0.0,0.0,75.79584488089725,0.0,0.0,46.696023795297826,0.0,9.49607040733127,0.0,65.9939695417623,0.6666666666666696,1.0,0.9280534988782434,1.0,0.6187826645151616,1.0,1.0,0.0,1.0,0.7363620931671764,1.0,1.0,1.0,1.0,1.0,0.0,0.9061618958623897,0.0,0.0
0.0,0.0,125.16494430141644,0.0,0.0,74.84616075353445,0.0,9.82813326618945,0.0,0.0,1.0,1.0,0.9531635105768523,1.0,0.625789974346818,1.0,1.0,0.0,1.0,0.7196621470880111,1.0,1.0,1.0,1.0,1.0,0.0,0.9295687851243342,0.0,0.0
0.0,0.0,83.5768150765355,0.0,0.0,53.23062936643984,0.0,108.68915097106375,0.0,0.0,1.0,1.0,0.5572681943399033,1.0,0.6109083859933685,1.0,1.0,0.0,1.0,0.7445449334168865,1.0,1.0,1.0,1.0,0.991352837504115,0.0,0.881246525799209,0.0,0.0
0.0,0.0,189.5273365533645,0.0,0.0,106.16096963048594,0.0,0.0,0.0,0.0,1.0,1.0,1.0,1.0,0.6409700099385124,1.0,1.0,0.0,1.0,0.8456633445985424,0.9943552812543468,1.0,1.0,1.0,0.9359829184331215,0.0,0.9035667910554479,0.0,0.0
0.0,0.0,0.0,0.0,0.0,409.2205787906972,0.0,0.0,0.0,0.0,1.0,1.0,1.0,1.0,0.0,1.0,1.0,0.0,1.0,0.7427886327092164,1.0,1.0,1.0,1.0,0.9376513227684589,0.014569913731694417,0.9532359966991257,0.0,0.0
0.0,0.0,311.66509515193064,0.0,0.0,0.0,0.0,0.0,0.0,0.0,1.0,1.0,1.0,1.0,1.0,1.0,1.0,0.0,1.0,0.7424766157245182,1.0,1.0,1.0,1.0,0.9891774517485066,0.0,0.7503349603595081,0.0,0.0
0.0,0.0,301.00156844284413,0.0,0.0,0.0,0.0,0.0,0.0,0.0,1.0,1.0,1.0,1.0,1.0,1.0,1.0,0.0,1.0,0.719355418949905,0.769738887708291,1.0,1.0,1.0,0.9604330167965163,0.20992523193482743,0.9106615188548466,0.0,0.0
0.0,0.0,143.9818880555342,0.0,0.0,66.5218854120547,0.0,0.0,0.0,0.0,1.0,1.0,1.0,1.0,0.6839872068977565,1.0,1.0,0.0,1.0,0.85967900612353,1.0,1.0,1.0,1.0,1.0,0.0,1.0,0.0,0.0
0.0,42.03487706784212,0.0,0.0,0.0,0.0,0.0,0.0,19.301161289338346,122.67207671436367,0.3333333333333284,0.6853210313822167,1.0,1.0,1.0,1.0,1.0,1.0,0.0,0.10736478945850197,0.0,1.0,0.0,0.0,1.0,1.0,0.07135388312598079,1.0,0.0
0.0,38.98424391441714,0.0,0.0,0.0,0.0,0.0,0.0,46.43615202929946,42.71019797185918,0.6666666666666621,0.4563809788484686,1.0,1.0,1.0,1.0,1.0,1.0,0.0,0.09066484337933683,0.0,1.0,0.0,0.0,1.0,1.0,0.09476077238792524,1.0,0.0
0.0,45.32976668512286,0.0,0.0,0.0,0.0,0.0,0.0,153.97370705468222,8.408309606480896e-13,0.9999999999999958,0.22744092631472063,1.0,1.0,1.0,1.0,1.0,1.0,0.0,0.07396489730017164,0.0,1.0,0.0,0.0,1.0,1.0,0.11816766164986969,1.0,0.0
0.0,147.89000913769928,0.0,0.0,0.0,0.0,0.0,0.0,11.409413401505242,79.64971126960387,0.6666666666666622,0.9283775595690102,1.0,1.0,1.0,1.0,1.0,1.0,0.0,0.1155476297082122,0.0,1.0,0.0,0.0,1.0,1.0,0.0464385130628,1.0,0.0
0.0,128.5851704293991,0.0,0.0,0.0,0.0,0.0,0.0,55.25565757314674,7.551859844239478e-13,0.9999999999999959,0.6994375070352623,1.0,1.0,1.0,1.0,1.0,1.0,0.0,0.098847683629047,0.0,1.0,0.0,0.0,1.0,1.0,0.06984540232474451,1.0,0.0
0.0,204.20562930147437,0.0,0.0,0.0,0.0,0.0,0.0,0.0,8.38841028211699e-13,0.9999999999999959,1.0,1.0,1.0,1.0,1.0,1.0,1.0,0.0,0.12373046995792236,0.0,1.0,0.0,0.0,1.0,1.0,0.02152314299961927,1.0,0.0
0.0,135.23117826883876,0.0,0.0,0.0,0.0,0.0,0.0,3.3817175320930795,69.30644790046742,0.6666666666666619,0.9756031535698546,1.0,1.0,1.0,1.0,1.0,1.0,0.0,0.21666604088986802,0.0,1.0,0.0,0.0,1.0,1.0,0.06875877831903893,1.0,0.0
0.0,89.0424744598761,0.0,0.0,0.0,0.0,0.0,0.0,30.21140903365178,5.295936289219245e-13,0.9999999999999956,0.7466631010361067,1.0,1.0,1.0,1.0,1.0,1.0,0.0,0.19996609481070282,0.0,1.0,0.0,0.0,1.0,1.0,0.09216566758098343,1.0,0.0
0.0,260.5200810693859,0.0,0.0,0.0,0.0,0.0,0.0,0.0,1.1280180302837389e-12,0.9999999999999957,1.0,1.0,1.0,1.0,1.0,1.0,1.0,0.0,0.22484888113957818,0.0,1.0,0.0,0.0,1.0,1.0,0.043843408255858196,1.0,0.0
0.0,147.37017242748016,0.0,0.0,0.0,0.0,93.44764370758158,0.0,0.0,1.122918233694996e-12,0.9999999999999953,1.0,1.0,0.6119571001542019,1.0,1.0,1.0,1.0,0.0,0.325967292321234,0.0,1.0,0.0,0.0,1.0,1.0,0.06616367351209712,1.0,0.0
0.0,101.9159688919736,0.0,0.0,0.0,0.0,0.0,0.0,6.616915299921647,54.26644209594875,0.6666666666666621,0.9390330833904461,1.0,1.0,1.0,1.0,1.0,1.0,0.0,0.11379132900054206,0.0,1.0,0.0,0.0,1.0,1.0,0.11842798396271675,1.0,0.0
0.0,148.71236788093213,0.0,0.0,0.0,0.0,0.0,0.0,60.71423035157939,8.835388790412982e-13,0.9999999999999958,0.7100930308566982,1.0,1.0,1.0,1.0,1.0,1.0,0.0,0.09709138292137687,0.0,1.0,0.0,0.0,1.0,1.0,0.14183487322466126,1.0,0.0
0.0,160.55455558291024,0.0,0.0,0.0,0.0,0.0,0.0,0.0,6.773551844031073e-13,0.9999999999999958,1.0,1.0,1.0,1.0,1.0,1.0,1.0,0.0,0.12197416925025223,0.0,1.0,0.0,0.0,1.0,1.0,0.09351261389953602,1.0,0.0
0.0,178.5019556821542,0.0,0.0,0.0,0.0,0.0,0.0,0.0,7.927079245557911e-13,0.9999999999999956,1.0,1.0,1.0,1.0,1.0,1.0,1.0,0.0,0.22309258043190805,0.0,1.0,0.0,0.0,1.0,1.0,0.11583287915577495,1.0,0.0
0.0,226.60644998754722,0.0,0.0,0.0,0.0,0.0,0.0,0.0,9.308596837275565e-13,0.9999999999999959,1.0,1.0,1.0,1.0,1.0,1.0,1.0,0.0,0.1202178685425821,0.0,1.0,0.0,0.0,1.0,1.0,0.16550208479945278,1.0,0.0
0.0,32.13756371731725,0.0,0.0,47.88474709674266,0.0,0.0,0.0,11.548085626654142,45.78519822035788,0.6666666666666625,0.8738884391078203,1.0,1.0,1.0,0.4016075440759539,1.0,1.0,0.0,0.11347931201584383,0.0,1.0,0.0,0.0,1.0,1.0,0.0,1.0,0.0
0.0,29.430210015911996,0.0,0.0,49.349963560181926,0.0,0.0,0.0,43.36940492672169,4.610851333070872e-13,0.9999999999999962,0.6449483865740724,1.0,1.0,1.0,0.3735738153392782,1.0,1.0,0.0,0.09677936593667863,0.0,1.0,0.0,0.0,1.0,1.0,0.0,1.0,0.0
0.0,67.90835242392983,0.0,0.0,91.83916731528059,0.0,0.0,0.0,0.0,6.030082734401947e-13,0.9999999999999962,1.0,1.0,1.0,1.0,0.42509800799906605,1.0,1.0,0.0,0.12166215226555399,0.0,1.0,0.0,0.0,1.0,1.0,0.0,1.0,0.0
0.0,54.38973630598568,0.0,0.0,105.50280582291188,0.0,0.0,0.0,0.0,6.390589742544622e-13,0.999999999999996,1.0,1.0,1.0,1.0,0.34016431024118265,1.0,1.0,0.0,0.2227805634472098,0.0,1.0,0.0,0.0,1.0,1.0,0.0,1.0,0.0
0.0,78.7039604225873,0.0,0.0,75.78774017766318,0.0,0.0,0.0,0.0,5.831688266076425e-13,0.9999999999999962,1.0,1.0,1.0,1.0,0.5094381129652714,1.0,1.0,0.0,0.11990585155788386,0.0,1.0,0.0,0.0,1.0,1.0,0.0,1.0,0.0
0.0,0.0,0.0,0.0,153.5762015291996,0.0,0.0,0.0,0.0,5.115115049165734e-13,0.9999999999999967,1.0,1.0,1.0,1.0,0.0,1.0,1.0,0.0,0.11959383457318562,0.0,1.0,0.0,0.0,1.0,1.0,0.0,1.0,0.0
0.0,127.80431791091551,0.0,0.0,0.0,0.0,0.0,0.0,2.3969214531165126,65.10061968201734,0.6666666666666622,0.9815906402671413,1.0,1.0,1.0,1.0,1.0,1.0,0.0,0.09035811524123055,0.0,1.0,0.0,0.0,1.0,1.0,0.07585350611843755,1.0,0.08332685620105612
0.0,145.55752775024223,0.0,0.0,0.0,0.0,0.0,0.0,47.835701621422324,7.944255794036367e-13,0.9999999999999959,0.7526505877333931,1.0,1.0,1.0,1.0,1.0,1.0,0.0,0.07365816916206536,0.0,1.0,0.0,0.0,1.0,1.0,0.09926039538038206,1.0,0.08321404340565969
0.0,269.5053966979662,0.0,0.0,0.0,0.0,0.0,0.0,0.0,1.1070810576968338e-12,0.9999999999999959,1.0,1.0,1.0,1.0,1.0,1.0,1.0,0.0,0.09854095549094072,0.0,1.0,0.0,0.0,1.0,1.0,0.05093813605525682,1.0,0.12700580233015207
0.0,169.58757645814975,0.0,0.0,0.0,0.0,0.0,0.0,0.0,7.342921250894495e-13,0.9999999999999957,1.0,1.0,1.0,1.0,1.0,1.0,1.0,0.0,0.19965936667259654,0.0,1.0,0.0,0.0,1.0,1.0,0.07325840131149575,1.0,0.0
0.0,221.63206057019372,0.0,0.0,0.0,0.0,0.0,0.0,0.0,9.3503186323256e-13,0.9999999999999958,1.0,1.0,1.0,1.0,1.0,1.0,1.0,0.0,0.09678465478327059,0.0,1.0,0.0,0.0,1.0,1.0,0.12292760695517357,1.0,0.13053621896830225
0.0,195.51927397633528,0.0,0.0,0.0,0.0,0.0,0.0,0.0,7.380379990701763e-13,0.9999999999999962,1.0,1.0,1.0,1.0,1.0,1.0,1.0,0.0,0.09647263779857235,0.0,1.0,0.0,0.0,1.0,1.0,0.0,1.0,0.03324584703704009
0.0,0.0,0.0,225.62560631739862,0.0,0.0,0.0,0.0,0.0,9.268305493907761e-13,0.9999999999999959,1.0,1.0,1.0,1.0,1.0,0.0,1.0,0.0,0.07335144102395907,0.0,1.0,0.0,0.0,1.0,1.0,0.08035312911089437,1.0,0.5188077262184368
0.0,177.98986057204613,0.0,0.0,0.0,0.0,0.0,0.0,0.0,88.99493028602437,0.6666666666666634,1.0,1.0,1.0,1.0,1.0,1.0,1.0,0.0,0.23068170241485553,0.0,1.0,0.0,0.0,1.0,0.8729785288123955,0.2775184041749772,1.0,0.0
0.0,217.00476441068943,0.0,0.0,0.0,0.0,0.0,0.0,0.0,6.264015833454752e-13,0.9999999999999971,1.0,1.0,1.0,1.0,1.0,1.0,1.0,0.0,0.21398175633569033,0.0,1.0,0.0,0.0,1.0,0.8539066282945313,0.30092529343692165,1.0,0.0
0.0,299.09853377762505,0.0,0.0,0.0,0.0,0.0,0.0,0.0,8.63371804962018e-13,0.9999999999999971,1.0,1.0,1.0,1.0,1.0,1.0,1.0,0.0,0.2388645426645657,0.0,1.0,0.0,0.0,1.0,0.9095068838250228,0.2526030341117964,1.0,0.0
0.0,338.10579164546175,0.0,0.0,0.0,0.0,0.0,0.0,0.0,1.0510439370029442e-12,0.9999999999999969,1.0,1.0,1.0,1.0,1.0,1.0,1.0,0.0,0.33998295384622157,0.0,1.0,0.0,0.0,1.0,0.852421973358171,0.27492329936803533,1.0,0.0
0.0,321.204911498873,0.0,0.0,0.0,0.0,0.0,0.0,0.0,9.271836297587123e-13,0.9999999999999971,1.0,1.0,1.0,1.0,1.0,1.0,1.0,0.0,0.23710824195689556,0.0,1.0,0.0,0.0,1.0,0.9375401614963491,0.3245925050117132,1.0,0.0
0.0,336.563613239643,0.0,0.0,0.0,0.0,0.0,0.0,0.0,8.220534798733152e-13,0.9999999999999976,1.0,1.0,1.0,1.0,1.0,1.0,1.0,0.0,0.23679622497219732,0.0,1.0,0.25207780391096346,0.0,1.0,0.81452284553605,0.12169146867209552,1.0,0.0
0.0,152.98357104788866,0.0,0.0,0.0,0.0,0.0,0.0,0.0,4.4159929571353695e-13,0.9999999999999971,1.0,1.0,1.0,1.0,1.0,1.0,1.0,0.0,0.21367502819758405,0.0,1.0,0.0,0.0,1.0,1.0,0.28201802716743396,1.0,0.0
0.0,0.0,282.59563634997534,0.0,0.0,0.0,0.0,0.0,0.0,4.3924185498807733e-13,0.9999999999999984,1.0,1.0,1.0,1.0,1.0,1.0,0.0,0.0,0.353998615371209,0.0,1.0,0.968538415022308,0.0,1.0,0.6048025171228888,0.48368292522397355,1.0,0.0
0.0,75.23246762561818,0.0,0.0,0.0,0.0,0.0,0.0,8.434199041047275,41.83333333333454,0.6666666666666571,0.8991928401468439,1.0,1.0,1.0,1.0,1.0,1.0,0.0,0.0,0.0,1.0,0.0,0.0,1.0,1.0,0.0,1.0,0.0
0.0,84.11672484544275,0.0,0.0,0.0,0.0,0.0,0.0,41.383275154556095,1.1564638136007943e-12,0.9999999999999908,0.6702527876130958,1.0,1.0,1.0,1.0,1.0,1.0,0.0,0.0,0.0,1.0,0.0,0.0,1.0,1.0,0.0,1.0,0.0
0.0,125.49999999999886,0.0,0.0,0.0,0.0,0.0,0.0,0.0,1.1425305146417486e-12,0.9999999999999909,1.0,1.0,1.0,1.0,1.0,1.0,1.0,0.0,0.0,0.0,1.0,0.0,0.0,1.0,1.0,0.0,1.0,0.0
0.0,125.49999999999883,0.0,0.0,0.0,0.0,0.0,0.0,0.0,1.17039711255984e-12,0.9999999999999907,1.0,1.0,1.0,1.0,1.0,1.0,1.0,0.0,0.0,0.0,1.0,0.0,0.0,1.0,1.0,0.0,1.0,0.0
0.0,125.49999999999886,0.0,0.0,0.0,0.0,0.0,0.0,0.0,1.1425305146417486e-12,0.9999999999999909,1.0,1.0,1.0,1.0,1.0,1.0,1.0,0.0,0.0,0.0,1.0,0.0,0.0,1.0,1.0,0.0,1.0,0.0
0.0,125.49999999999892,0.0,0.0,0.0,0.0,0.0,0.0,0.0,1.0867973188055657e-12,0.9999999999999913,1.0,1.0,1.0,1.0,1.0,1.0,1.0,0.0,0.0,0.0,1.0,0.0,0.0,1.0,1.0,0.0,1.0,0.0
0.0,125.49999999999886,0.0,0.0,0.0,0.0,0.0,0.0,0.0,1.1425305146417486e-12,0.9999999999999909,1.0,1.0,1.0,1.0,1.0,1.0,1.0,0.0,0.0,0.0,1.0,0.0,0.0,1.0,1.0,0.0,1.0,0.0
0.0,125.499999999999,0.0,0.0,0.0,0.0,0.0,0.0,0.0,9.892642260922457e-13,0.9999999999999921,1.0,1.0,1.0,1.0,1.0,1.0,1.0,0.0,0.0,0.0,1.0,0.0,0.0,1.0,1.0,0.0,1.0,0.0
0.0,125.49999999999822,0.0,0.0,0.0,0.0,0.0,0.0,0.0,1.7695289677988058e-12,0.9999999999999859,1.0,1.0,1.0,1.0,1.0,1.0,1.0,0.0,0.0,0.0,1.0,0.0,0.0,1.0,1.0,0.0,1.0,0.0
37.073885254717666,0.0,0.0,0.0,0.0,0.0,0.0,47.05450301122233,47.406944340146836,263.07066521217746,0.3333333333333301,0.6395877563778398,0.4406822241443951,1.0,1.0,1.0,1.0,1.0,1.0,0.3482491927827538,1.0,0.0,1.0,1.0,0.0,1.0,0.8427163238829052,0.9429823290742911,1.0
44.32599396685427,0.0,0.0,0.0,0.0,0.0,0.0,50.83659260273899,136.57519177123746,115.86888917041684,0.6666666666666639,0.4106477038440918,0.465792235843004,1.0,1.0,1.0,1.0,1.0,1.0,0.3315492467035886,1.0,0.0,1.0,1.0,0.0,1.0,0.8661232131448497,0.9429774345268855,1.0
20.78196996260939,0.0,0.0,0.0,0.0,0.0,0.0,21.55226270119144,190.64567962121876,5.690512583667533e-13,0.9999999999999976,0.18170765131034383,0.4909022475416129,1.0,1.0,1.0,1.0,1.0,1.0,0.3148493006244234,1.0,0.0,1.0,1.0,0.0,1.0,0.8895301024067941,0.9429725399794802,1.0
9.379813401964574,0.0,0.0,0.0,0.0,0.0,0.0,124.81513331142429,17.842458456668826,76.01870258502981,0.6666666666666639,0.8826442845646334,0.06989691960605499,1.0,1.0,1.0,1.0,1.0,1.0,0.35643203303246396,1.0,0.0,1.0,1.0,0.0,1.0,0.8178009538197245,0.8954403039914258,1.0
17.8543132068807,0.0,0.0,0.0,0.0,0.0,0.0,170.072114493708,99.552861085337,7.021654761286e-13,0.9999999999999976,0.6537042320308855,0.09500693130466381,1.0,1.0,1.0,1.0,1.0,1.0,0.3397320869532988,1.0,0.0,1.0,1.0,0.0,1.0,0.841207843081669,0.8954354094440202,1.0
0.0,0.0,0.0,0.0,0.0,0.0,0.0,284.09414835587035,0.0,6.623565157985225e-13,0.9999999999999977,1.0,0.0,1.0,1.0,1.0,1.0,1.0,1.0,0.3646148732821741,1.0,0.0,1.0,1.0,0.0,1.0,0.7928855837565438,0.8478982789085604,1.0
200.03571896703372,0.0,0.0,0.0,0.0,0.0,13.507724380110945,27.67753151751893,18.19271346428652,129.70684416447682,0.6666666666666636,0.929869878565478,0.885260676302932,0.9367448413850279,1.0,1.0,1.0,1.0,1.0,0.4575504442141198,1.0,0.0,1.0,1.0,0.0,1.0,0.8401212190759634,0.9496282612100866,1.0
259.71173286137787,0.0,0.0,0.0,0.0,0.0,21.456019913774416,27.681989951490024,131.77887836539443,1.1740704970685147e-12,0.9999999999999973,0.7009298260317298,0.910370688001541,0.9236896133998246,1.0,1.0,1.0,1.0,1.0,0.44085049813495464,0.9710789689488462,0.0,1.0,1.0,0.0,1.0,0.8635281083379078,0.9496233666626811,1.0
95.99514039554875,0.0,0.0,0.0,0.0,0.0,6.987624187166609,97.18768134066515,0.0,5.333612109926938e-13,0.9999999999999973,1.0,0.514475371764592,0.9321476344563058,1.0,1.0,1.0,1.0,1.0,0.46573328446383,1.0,0.0,1.0,1.0,0.0,1.0,0.8152058490127827,0.9020862361272213,1.0
106.96121805277096,0.0,0.0,0.0,0.0,0.0,266.2071714735445,0.0,0.0,1.077180359097455e-12,0.9999999999999971,1.0,1.0,0.28662989967757746,1.0,1.0,1.0,1.0,1.0,0.5668516956454858,0.9134092198422323,0.0,1.0,1.0,0.0,1.0,0.8375261142690216,0.9562741933458822,1.0
97.7598032097949,0.0,0.0,0.0,0.0,45.73665733293261,0.0,39.90900254071589,21.90686471701055,102.65616390022826,0.6666666666666639,0.8932998083860695,0.7824001429959662,1.0,0.6812697877010419,1.0,1.0,1.0,1.0,0.3546757323247938,1.0,0.0,0.9691308538505738,1.0,0.0,1.0,0.8897904247196412,0.9178413702157444,1.0
87.67475136705643,0.0,0.0,0.0,0.0,39.708175772824504,0.0,30.364844079245135,79.69552637608736,5.799530352728853e-13,0.9999999999999976,0.6643597558523213,0.8075101546945751,1.0,0.6882770975326983,1.0,1.0,1.0,1.0,0.33797578624562863,1.0,0.0,0.9998002462661477,1.0,0.0,1.0,0.9131973139815857,0.9178364756683389,1.0
118.15928265744408,0.0,0.0,0.0,0.0,57.30859772901642,0.0,250.8235551797628,0.0,1.0412128473254938e-12,0.9999999999999976,1.0,0.41161483845762603,1.0,0.6733955091792487,1.0,1.0,1.0,1.0,0.36285857257450405,1.0,0.0,0.9450740046101669,1.0,0.0,1.0,0.8648750546564605,0.8702993451328791,1.0
176.01536165579736,0.0,0.0,0.0,0.0,74.19940391780369,0.0,0.0,0.0,6.667060652183966e-13,0.9999999999999973,1.0,1.0,1.0,0.7034571331243926,1.0,1.0,1.0,1.0,0.46397698375615987,1.0,0.0,1.0,1.0,0.0,1.0,0.8871953199126994,0.92448730235154,1.0
0.0,0.0,0.0,0.0,0.0,337.9382689753955,0.0,0.0,0.0,8.254110636605992e-13,0.9999999999999976,1.0,1.0,1.0,0.0,1.0,1.0,1.0,1.0,0.36110227186683386,1.0,0.0,0.7707639202492436,1.0,0.0,1.0,0.9368645255563772,0.8927004113571979,1.0
0.0,0.0,0.0,0.0,102.43441572870145,0.0,0.0,17.62933074071016,24.91361003767726,72.48867825354525,0.6666666666666642,0.8281551641034435,0.8531669112524192,1.0,1.0,0.0,1.0,1.0,1.0,0.3543637153400956,1.0,0.0,1.0,1.0,0.0,1.0,0.6868893883800236,1.0,1.0
0.0,0.0,0.0,0.0,105.17608880637525,0.0,0.0,14.576674881165895,80.09660822472335,4.215670108923579e-13,0.9999999999999979,0.5992151115696955,0.8782769229510281,1.0,1.0,0.0,1.0,1.0,1.0,0.3376637692609304,1.0,0.0,1.0,1.0,0.0,1.0,0.7102962776419681,1.0,1.0
0.0,0.0,0.0,0.0,132.4197698083698,0.0,0.0,142.09270737830423,0.0,5.485861308951615e-13,0.999999999999998,1.0,0.4823816067140791,1.0,1.0,0.0,1.0,1.0,1.0,0.36254655558980575,1.0,0.0,1.0,1.0,0.0,1.0,0.6619740183168429,1.0,1.0
0.0,0.0,0.0,0.0,303.3636801289313,0.0,0.0,0.0,0.0,6.736026850283227e-13,0.9999999999999978,1.0,1.0,1.0,1.0,0.0,1.0,1.0,1.0,0.4636649667714616,0.946143733247056,0.0,1.0,1.0,0.0,1.0,0.6842942835730818,1.0,1.0
0.0,0.0,0.0,0.0,269.8426612713289,0.0,0.0,0.0,0.0,5.392539640252024e-13,0.999999999999998,1.0,1.0,1.0,1.0,0.0,1.0,1.0,1.0,0.3607902548821356,1.0,0.0,1.0,1.0,0.0,1.0,0.7339634892167596,1.0,1.0
0.0,0.0,0.0,0.0,296.56225272778624,0.0,0.0,0.0,0.0,4.609503376983309e-13,0.9999999999999984,1.0,1.0,1.0,1.0,0.0,1.0,1.0,1.0,0.3604782378974374,0.9788782466518797,0.0,1.0,1.0,0.0,1.0,0.5310624528771419,1.0,1.0
0.0,0.0,0.0,162.98826294087436,0.0,0.0,0.0,48.04588420015085,14.464048389842155,112.74909776543511,0.6666666666666639,0.9358573652627644,0.7723312324045652,1.0,1.0,1.0,0.0,1.0,1.0,0.3312425185654823,0.7874401267819526,0.0,0.6715013569417194,1.0,0.0,1.0,0.8472159468753621,0.3862546739840754,1.0
0.0,0.0,0.0,156.21785175454394,0.0,0.0,0.0,39.681034727344944,81.21822885035807,6.768559643110459e-13,0.9999999999999976,0.7069173127290163,0.7974412441031741,1.0,1.0,1.0,0.0,1.0,1.0,0.3145425724863171,0.7464625754027903,0.0,0.7021707493572934,1.0,0.0,1.0,0.8706228361373065,0.38624977943666994,1.0
0.0,0.0,0.0,195.70061906860093,0.0,0.0,0.0,291.6673393329062,0.0,1.136282970652011e-12,0.9999999999999977,1.0,0.401545927866225,1.0,1.0,1.0,0.0,1.0,1.0,0.33942535881519253,0.8405677731338588,0.0,0.6474445077013125,1.0,0.0,1.0,0.8223005768121814,0.3387126489012102,1.0
0.0,0.0,0.0,352.4580467237413,0.0,0.0,27.2978859998098,0.0,0.0,1.0118730725944547e-12,0.9999999999999973,1.0,1.0,0.9281172889017597,1.0,1.0,0.0,1.0,1.0,0.44054376999684836,0.6887928262961763,0.0,0.7486039688072816,1.0,0.0,1.0,0.8446208420684203,0.39290060611987093,1.0
0.0,0.0,0.0,411.18608376180725,0.0,0.0,0.0,0.0,0.0,1.0043181667151772e-12,0.9999999999999976,1.0,1.0,1.0,1.0,1.0,0.0,1.0,1.0,0.33766905810752235,0.8535092512813705,0.0,0.4731344233403892,1.0,0.0,1.0,0.8942900477120981,0.3611137151255288,1.0
0.0,0.0,0.0,232.36508092009566,40.28938821358518,0.0,0.0,0.0,0.0,5.448730849184918e-13,0.999999999999998,1.0,1.0,1.0,1.0,0.8522327972778193,0.0,1.0,1.0,0.3373570411228241,0.7215273397010001,0.0,1.0,1.0,0.0,1.0,0.6913890113724804,0.7729355524381816,1.0
0.0,0.0,0.0,386.1467086048416,0.0,0.0,0.0,0.0,0.0,9.002888302302662e-13,0.9999999999999977,1.0,1.0,1.0,1.0,1.0,0.0,1.0,1.0,0.31423584434821084,0.46417643275012044,0.025115283316480774,0.17550492643153476,1.0,0.0,1.0,0.8517155698678189,0.0,1.0
0.0,0.0,73.96375556401203,0.0,0.0,0.0,0.0,36.89860762645299,0.0,55.43118159523291,0.6666666666666651,1.0,0.6671674086266768,1.0,1.0,1.0,1.0,0.0,1.0,0.4715661057391073,1.0,0.10994164009879798,1.0,1.0,0.0,1.0,1.0,0.400072795815729,1.0
0.0,0.0,197.9269778879612,0.0,0.0,0.0,0.0,87.98004735483778,2.2476404783618404,3.519075389904783e-13,0.9999999999999988,0.9921998817102728,0.6922774203252856,1.0,1.0,1.0,1.0,0.0,1.0,0.45486615965994215,1.0,0.143201066289374,1.0,1.0,0.0,1.0,1.0,0.4000679012683235,1.0
0.0,0.0,70.71482162262389,0.0,0.0,0.0,0.0,167.8786043878324,0.0,2.6489191508100757e-13,0.9999999999999989,1.0,0.2963821040883366,1.0,1.0,1.0,1.0,0.0,1.0,0.4797489459888175,1.0,0.1086201718555101,1.0,1.0,0.0,1.0,1.0,0.35253077073286365,1.0
0.0,0.0,159.88517265318174,0.0,0.0,0.0,0.0,0.0,0.0,2.1300983997087722e-13,0.9999999999999987,1.0,1.0,1.0,1.0,1.0,1.0,0.0,1.0,0.5808673571704733,1.0,0.014704875338996448,1.0,1.0,0.0,1.0,1.0,0.4067187279515246,0.9940933163818007
0.0,0.0,150.16677495231707,0.0,0.0,51.00126110793437,0.0,0.0,0.0,2.2334138545271516e-13,0.9999999999999989,1.0,1.0,1.0,0.7464743300836367,1.0,1.0,0.0,1.0,0.4779926452811474,1.0,0.08825065051940728,1.0,1.0,0.0,1.0,1.0,0.3749318369571824,1.0
0.0,0.0,236.45383402346255,0.0,0.0,0.0,0.0,0.0,0.0,1.5750989447624612e-13,0.9999999999999993,1.0,1.0,1.0,1.0,1.0,1.0,0.0,1.0,0.4776806282964491,1.0,0.06591160917885658,1.0,1.0,0.0,1.0,0.89305390942902,0.7867536742698353,1.0
0.0,0.0,300.9744176289484,0.0,0.0,0.0,0.0,0.3566503635443155,0.0,3.345446897201543e-13,0.9999999999999989,1.0,0.9988164168868469,1.0,1.0,1.0,1.0,0.0,1.0,0.45455943152183587,1.0,0.24795875100680015,1.0,1.0,0.0,1.0,1.0,0.0,1.0
0.0,0.0,197.13636935953323,0.0,0.0,0.0,0.0,23.45983422077401,0.0,0.0,1.0,1.0,0.8936525931089583,1.0,1.0,1.0,1.0,0.0,1.0,0.5948830186954608,1.0,0.4708022186971193,1.0,1.0,0.0,1.0,1.0,0.0,0.5697274180320173
0.0,182.35079952213425,0.0,0.0,0.0,0.0,0.0,0.0,31.309937283474863,106.8303684028083,0.6666666666666589,0.853459565142467,1.0,1.0,1.0,1.0,1.0,1.0,0.0,0.0,0.0,0.5581287306611974,0.0,0.0,1.0,1.0,0.4202373532444891,1.0,0.750254729057918
0.0,184.1780370010965,0.0,0.0,0.0,0.0,0.0,0.0,110.73354427481118,2.19369810599956e-12,0.9999999999999926,0.6245195126087191,1.0,1.0,1.0,1.0,1.0,1.0,0.0,0.0,0.0,0.5913881568517735,0.0,0.0,1.0,1.0,0.44364424250643353,1.0,0.7501419162625216
0.0,194.25754456166413,0.0,0.0,0.0,0.0,0.0,0.0,0.0,1.4234167112847559e-12,0.9999999999999927,1.0,1.0,1.0,1.0,1.0,1.0,1.0,0.0,0.0,0.0,0.5568072624179097,0.0,0.0,1.0,1.0,0.3953219831813083,1.0,0.7939336751870139
0.0,331.45266964555765,0.0,0.0,0.0,0.0,0.0,0.0,0.0,2.502307420815041e-12,0.9999999999999925,1.0,1.0,1.0,1.0,1.0,1.0,1.0,0.0,0.07518696641815242,0.0,0.462891965901396,0.0,0.0,1.0,1.0,0.4176422484375472,1.0,0.6632707706970433
0.0,249.32173110915687,0.0,0.0,0.0,0.0,0.0,0.0,0.0,1.826897994350815e-12,0.9999999999999927,1.0,1.0,1.0,1.0,1.0,1.0,1.0,0.0,0.0,0.0,0.5364377410818068,0.0,0.0,1.0,1.0,0.46731145408122504,1.0,0.7974640918251641
0.0,192.0270840253599,0.0,0.0,0.0,0.0,0.0,0.0,0.0,1.3644344962341482e-12,0.9999999999999929,1.0,1.0,1.0,1.0,1.0,1.0,1.0,0.0,0.0,0.0,0.5140986997412561,0.0,0.0,1.0,1.0,0.2644104177416074,1.0,0.700173719893902
0.0,153.33954316078248,0.0,0.0,0.0,0.0,0.0,0.0,0.0,1.1235912032571924e-12,0.9999999999999927,1.0,1.0,1.0,1.0,1.0,1.0,1.0,0.0,0.0,0.0,0.6961458415691997,0.0,0.0,1.0,1.0,0.42473697623694584,1.0,1.0
0.0,525.3725336640938,0.0,0.0,0.0,0.0,0.0,0.0,0.0,3.2663718269254e-12,0.9999999999999938,1.0,1.0,1.0,1.0,1.0,1.0,1.0,0.0,0.08920262794313993,0.05130273134972341,0.9189893092595189,0.5688723590688896,0.2460172248650211,1.0,1.0,0.6264018742934854,1.0,0.23890487234726004
0.0,125.49999999999844,0.0,0.0,0.0,0.0,0.0,0.0,0.0,1.56052948341312e-12,0.9999999999999876,1.0,1.0,1.0,1.0,1.0,1.0,1.0,0.0,0.0,0.0,1.0,0.0,0.0,1.0,1.0,0.0,1.0,0.0
26.63709545712387,0.0,0.0,0.0,0.0,0.0,0.0,38.926085157866815,15.606865990502225,40.58502330274756,0.6666666666666606,0.8077262901380904,0.40628131837511,1.0,1.0,1.0,1.0,1.0,1.0,0.2067701183110382,1.0,0.0,1.0,1.0,0.0,1.0,1.0,1.0,1.0
31.76541429914336,0.0,0.0,0.0,0.0,0.0,0.0,41.86938567172088,53.587990045094834,7.203529207371273e-13,0.9999999999999943,0.5787862376043423,0.4313913300737189,1.0,1.0,1.0,1.0,1.0,1.0,0.190070172231873,1.0,0.0,1.0,1.0,0.0,1.0,1.0,1.0,1.0
4.882614999868411,0.0,0.0,0.0,0.0,0.0,0.0,132.6712811170691,0.0,7.63577512979609e-13,0.9999999999999944,1.0,0.03549601383676981,1.0,1.0,1.0,1.0,1.0,1.0,0.21495295856074836,1.0,0.0,1.0,1.0,0.0,1.0,1.0,1.0,1.0
117.4949932044578,0.0,0.0,0.0,0.0,0.0,0.0,20.594733532495137,0.0,7.972140492553231e-13,0.9999999999999942,1.0,0.850859770533647,1.0,1.0,1.0,1.0,1.0,1.0,0.31607136974240424,1.0,0.0,1.0,1.0,0.0,1.0,1.0,1.0,1.0
99.73703985772116,0.0,0.0,0.0,0.0,0.0,0.0,33.60138469403523,0.0,7.401769450230251e-13,0.9999999999999944,1.0,0.7479992372266812,1.0,1.0,1.0,1.0,1.0,1.0,0.21319665785307823,1.0,0.0,1.0,1.0,0.0,1.0,1.0,1.0,1.0
61.04161333205256,0.0,0.0,0.0,47.149758216419315,0.0,0.0,23.948178486499057,0.49157100725947306,7.068005969420691e-13,0.9999999999999947,0.996293697863694,0.818766005483134,1.0,1.0,0.5642003836202845,1.0,1.0,1.0,0.21288464086838,1.0,0.0,1.0,1.0,0.0,1.0,1.0,1.0,1.0
121.94403503254823,0.0,0.0,0.0,0.0,0.0,0.0,43.307385909281024,0.0,9.17329661908218e-13,0.9999999999999944,1.0,0.7379303266352801,1.0,1.0,1.0,1.0,1.0,1.0,0.18976344409376672,1.0,0.0,1.0,1.0,0.0,1.0,1.0,0.8233168164655458,1.0
163.17296487416837,0.0,0.0,0.0,0.0,0.0,0.0,94.6993531725774,0.0,1.1451831396358387e-12,0.9999999999999956,1.0,0.6327665028573917,1.0,1.0,1.0,1.0,1.0,1.0,0.3300870312673917,1.0,0.0,1.0,1.0,0.0,1.0,1.0,0.8371349382971993,1.0
384.5125825891006,41.02496099578039,0.0,0.0,0.0,0.0,0.0,0.0,0.0,4.535439155811561e-12,0.9999999999999893,1.0,1.0,1.0,1.0,1.0,1.0,1.0,0.9035926168812947,0.0,0.3490684691501611,0.0,0.1692063031154704,0.9581798701126322,1.0,1.0,0.7691208233629974,1.0,1.0
72.97775447359984,0.0,0.0,0.0,0.0,0.0,0.0,123.26209037930106,4.853421393720051,1.7860669942726192e-12,0.9999999999999911,0.9758648238983407,0.3718804126058249,1.0,1.0,1.0,1.0,1.0,1.0,0.0652910438393225,1.0,0.0,1.0,1.0,0.0,1.0,1.0,1.0,1.0
