obj_0,obj_1,obj_2,obj_3,obj_4,obj_5,obj_6,obj_7,obj_8,obj_9,var_0,var_1,var_2,var_3,var_4,var_5,var_6,var_7,var_8,var_9,var_10,var_11
7.50290308474858e-07,1.0692106410584891e-05,3.727800363814334e-05,0.0011451086309539318,0.00036256122400318803,0.0006618871095333142,0.0005810771450655896,0.4760271227904923,252.54117006902993,12.66161883681593,0.03189134969955129,0.9988,0.9980073961520977,0.25504703114046373,0.3204934479504108,0.1951026401035604,0.9784439904864588,0.8217630621460245,0.9554,0.5920301545876036,0.17190712890515333,0.1753
0.02095564175591764,0.08365152030364377,0.05914382415588507,0.07429727112019725,2.3189314502552176,1.7439614318018604,0.14649495907224108,0.04553528423574176,0.02242906203342158,0.16058577000513619,0.748325832063915,0.11612195543309206,0.2673612207869305,0.23321017702154315,0.8867,0.9461,0.6922362097418007,0.5347,0.6063089739680622,0.8160177623430735,0.7070712227925615,0.5071156880433112
0.013310898142659996,0.0032045940678784206,0.02523470387144962,0.012024298004762646,0.050878427021926756,0.09360455077620872,0.21954025073040223,0.03579068905739121,63.30319073502236,2.8495570051221084,0.028637522795862125,0.9975,0.09197596795446347,0.7020042726877707,0.6388328481132244,0.6504769813879427,0.25250190402041284,0.6835303294946096,0.15040376514053078,0.3066,0.7071381222268309,0.3132031695471972
0.0002156879047806374,0.0017190190431914838,0.0030583027899956346,0.0010421720239576155,0.0012428802118048241,0.37390414088726864,0.049178100206844474,0.001498331126932037,6.329736661397881,61.55589960873079,0.9346513687067832,0.9621128240549426,0.002529170809113801,0.08324973573401206,0.9934091421933338,0.2080809507776129,0.1835,0.6718765106236969,0.9205376180524447,0.2884087242896844,0.299777681379104,0.41179760783569674
0.11294949010597989,0.2313840635877343,0.11819909757329858,0.17821148233153897,0.023810419856675518,0.12210190378526241,1.0865062799183134,0.07804503853892951,1.5401041591490487,0.08528921976820396,0.0637,0.8745298124321985,0.17851272579532212,0.9824,0.6795,0.0305,0.6328273052498613,0.33386244131153825,0.3978,0.6555502674552685,0.7684,0.3828
0.0634615656704343,0.00894682844586506,0.07078780918779183,0.18809797759344865,0.05724332734413462,0.12278474742349556,0.03975963191415613,0.02109890193500584,0.1300132999849633,0.2484578117466303,0.7624,0.6621,0.1157,0.3094,0.7562,0.5948,0.5835,0.8923,0.2824,0.8661,0.4047,0.598
4.2429919346124615e-05,1.0014886725539349e-05,3.07126676942619e-05,0.00041363108959670904,0.015291482230879314,1.3182623408481384,4.401195103485015,0.9820768219838928,1.054845314305666,0.17542351961275654,0.1029136218101156,0.6202063943748023,0.7343350017054803,0.8717924041936741,0.989213919817515,0.983604114423572,0.935910206779165,0.6439752361597522,0.3209,0.6162761340208427,0.329692622796552,0.5506
0.41085428583066563,0.24609004240409793,0.09568796485698118,0.40456501666454797,2.2471660273566223,0.06526930143579085,0.08503033717250828,0.2920389919982324,0.25708390630048483,0.028078198961119072,0.0802,0.4309441456374259,0.9385,0.5391,0.11984087803573157,0.6901,0.5875,0.0981,0.13231899079523457,0.3978,0.9835870948811767,0.9948746516332325
1.514648545822205,0.02947354002889533,0.007795498474752054,0.25274572437980786,0.5347634729560651,0.682099402934626,0.010004623835196728,0.09379595525150501,0.6314479084411135,0.2195052953780463,0.273,0.6428,0.099,0.0144,0.6775,0.8777,0.2857,0.019,0.0417,0.0117,0.2757,0.6435
0.052532495669871615,0.02213821688488085,0.10117232628610635,0.29625216047864167,0.09849738368798382,0.25269234097987325,0.12265328790683687,0.0002031111400260837,0.279133777891233,0.009572022960184952,0.025810045396003657,0.9439570152058112,0.0035,0.2085749633529334,0.3167,0.20004565450749415,0.7527,0.8204758612121467,0.4948388368512959,0.5928,0.9975,0.010542258665730386
1.5004976339896121,4.80952913610764,1.2834102346191918,3.369664399777341,4.291898192147473,0.8912896533213472,0.12510957130759168,0.001712896994513122,0.057711491046168614,0.2331058688437746,0.8334,0.33372979002330655,0.011911189605962713,0.2213,0.37552914659400904,0.28612334413907275,0.6953,0.23480703025314928,0.5384,0.2059,0.8067028818798976,0.4214
0.0024425609092811537,0.0038264887463711197,0.006461351092845917,0.02919283926446182,0.0077287856481534625,3.1410135321599024,0.41334810784330955,0.05805784916037646,0.7288964665995493,0.6787636468866448,0.6521,0.8096,0.1818,0.349,0.9981,0.0717,0.9184,0.6417,0.3209,0.6644,0.2973,0.5506
0.0008023180720431057,0.00016880655263513814,0.002080931584383783,0.13165562761608057,0.16868139718226147,0.6863535453127826,0.3038212691094086,0.3928782902052011,0.15909255113420917,0.4535642589233187,0.7624,0.3262464776663553,0.9071265228663026,0.3408344034674544,0.7327842014105688,0.5948,0.9882481348965317,0.8923,0.2906914411578224,0.8661,0.5991645972238759,0.6212396720446692
0.03678827450867067,0.006984907747328143,0.023457726379745362,0.014796569889128674,1.2343684677778608,1.6953076749602511,2.225041705244318,0.1641163596648859,0.4186716013860862,0.10865127226896582,0.1637,0.3694,0.1808,0.8959,0.9376,0.9607,0.3015,0.2607,0.0425,0.3812,0.0012,0.2742
0.13579677361961087,0.7885445031314333,0.22666380682496617,0.1650752965312025,0.00536222412418956,0.2870817416826062,0.03786419117692788,0.16062680253187053,0.22614963247425215,0.20753724604650517,0.5912051262773605,0.5784,0.9258880845586679,0.3352958383026259,0.7977572753152381,0.0049538847035301425,0.37272750958700335,0.29505326453891134,0.7104,0.01747109745486318,0.6926555294847093,0.4120802267796374
0.8807520816648656,3.977614101512951,7.043839499646705,2.543777007356537,19.038445136465164,2.0403306317866106,1.5684164256265352,0.04300605132421015,0.0008876471761794765,0.13651359062808774,0.30960400605056737,0.0012312923869354786,0.06266323504184007,0.7098168924573546,0.38755063158153524,0.6805416921686035,0.3867311071209636,0.788678953912835,0.6426042318760024,0.4129264595369071,0.17632146419668032,0.601329082649093
0.028276798451498424,0.003101507468910919,0.04281327305782462,0.040847460382428175,0.0002904435158510747,0.164626394763014,0.3982012385332913,2.2440823142108233,0.06029389899667884,0.13689467949209938,0.0687,0.025632439128994475,0.9885,0.802005547984963,0.6803,0.0029880950773876203,0.42955474041052344,0.8314265455117191,0.1596,0.5839231127424901,0.8400719851825834,0.8439462355175011
1.5593374378606446,0.8145615720335047,0.15138890438410232,0.3677099064855014,0.026264793842410043,0.04708278834751423,0.09928952897529984,0.024180759510673236,0.6182714637022639,0.2311693574865857,0.3299886209143474,0.8792,0.0852054387469634,0.5354,0.1951,0.0783,0.19978391544687013,0.1730034951691347,0.6712,0.776860201876374,0.13722722610739363,0.6892874205321252
0.2834159105925888,0.03524487124807571,1.3566670785063297,2.1467916002173615,0.09215158807253689,0.011391112547256969,0.05411738746553261,0.2592921984280708,0.5583720050102753,0.14350785531296284,0.2181,0.7031,0.4132,0.137,0.0167,0.094,0.4245,0.9752,0.2527,0.6646,0.1765,0.293
0.033897305970214196,0.18734319818538928,0.06827786112906828,0.045581349227337,0.024314723512807942,0.06299479718801837,0.0247466929329129,0.005269255166433959,0.11117026109963732,0.10957011519431409,0.6793103251911475,0.9446159735832598,0.40373025445772115,0.660844611040964,0.7611,0.0846055225447508,0.3985436514362305,0.3568,0.6977926592052234,0.4113,0.603402899609392,0.6883436924682632
0.0005944228184036964,0.008492032298512477,0.015836580055272904,0.007537754246805034,0.006726310530104915,0.00931051913368551,0.0077291080648731565,0.00019500147013236805,46.93963241547097,113.47352726885254,0.7503,0.9996756914915472,0.005191643713621172,0.209544612926328,0.26996614347583336,0.211502130012923,0.2527263295151618,0.6860016453122856,0.9555106399805714,0.5936916688442646,0.2980346506380707,0.17535206934092767
5.124314965283632e-06,0.00025943162686010686,0.0008949157590579659,0.00023397190416360044,0.00029321804473091546,0.005087067218048716,6.2327429495555845e-06,0.09671886846928028,66.5845490191119,208.86288462046352,0.803532607500314,0.9990739364307409,0.9659022072042034,0.0007652203665734769,0.8758944491926405,0.18858705243616136,0.15661918508237382,0.8203377840150563,0.9874270684848969,0.5763356534345937,0.998402285306363,0.1765600070930855
0.0002438008995320848,0.003474315383457626,0.012144572527520735,0.3729844114492084,0.1184786865947159,0.21565378156323636,0.16567775695041423,0.002620977079314241,252.91573643023332,10.05647415120294,0.0253,0.9988,0.0035,0.22595956673813083,0.3204934479504108,0.1957,0.9784439904864588,0.8222,0.9554,0.5920301545876036,0.17186583562335705,0.1753
0.3828041458560195,0.7841978552983141,1.0331394454718767,0.8637173015645724,0.1188036860526088,0.6075137667339449,5.405291232246266,0.1554884356280085,0.1718287610589029,0.08090630253791103,0.0637,0.0736,0.0731,0.9824,0.6795,0.0305,0.6081,0.624,0.3978,0.7374,0.7684,0.3828
0.1402747857834736,0.02896277868417343,0.27887825037886665,0.08214391489963854,0.06312892718960136,0.37821116611002575,0.15999213037438811,0.8680852146283741,0.9564308522872347,0.0978909506410294,0.08503770126454951,0.5028568215265707,0.9671107269304214,0.6967886205199998,0.8992275569644967,0.09014628043265643,0.2861,0.5944,0.0462,0.18183245531775705,0.1521863276268809,0.21757083942852498
0.04604559456692369,0.2606152695894549,0.033176012888461226,0.03330685670532084,0.3438485992274827,0.8439105805553115,0.9562146325932338,0.11364703879262089,0.042075304240254685,0.00906102217181582,0.0363,0.09110572985279392,0.278801001421905,0.8801122628968479,0.9599005344795519,0.6729755160683164,0.264,0.1380918941432755,0.7039117716603112,0.18441133271096638,0.6031,0.102
2.2881868520208835e-07,1.8730593185450993e-07,1.2305391672055613e-05,0.0003702895278483509,0.0006199648657706223,0.0004006046659195241,0.005403568838121756,0.21568806989948683,54.94186973773499,327.23445777349104,0.8941,0.9975,0.9838691908163155,0.9034444156908954,0.3224,0.6570805886042095,0.9788456538565959,0.9847046326478682,0.4367,0.3176635175800484,0.5526,0.9176745551536125
8.252046149179675,4.456186589266831,20.748035506642655,3.5613851769979847,13.677545248494972,11.042242235055234,0.05957762260831535,0.04626258329402289,0.11640093013914406,0.050877696934443994,0.0843,0.1054,0.04613078961370133,0.014840735167113754,0.762452706206459,0.2804892483359916,0.1858161489946668,0.6587,0.11961379701645336,0.42291167845158495,0.8207206724232534,0.29557134252077477
0.17290734255522883,0.9641952941913419,3.0802878981556328,1.001147763230998,0.5882316409488654,1.3761935233952123,0.06711894880138544,0.01363377321822223,0.05207510738927412,0.10254018197426,0.6789,0.3319,0.1048,0.13073331272530847,0.7441,0.0865545511529317,0.36744456684053894,0.8856883741750657,0.7001002074475885,0.1952,0.6007166849754683,0.6861843797846753
0.0005828916050900678,0.00012109817316091207,0.001130025175489185,0.0002902216193298757,0.009295598223726588,0.008724058533656615,0.06035324713046608,0.32469737568893975,0.41964204068535443,0.6082600346218674,0.710546948664484,0.5535,0.9705,0.9799231671865658,0.9068,0.8765,0.2861,0.5941682596854666,0.046794622735519015,0.9196,0.1632,0.3831889437649641
0.0001223602050017708,0.00010039491724891825,0.0001765905267706724,0.0003839217605473928,0.0007352551800865826,0.0003794561935675684,0.0061959793461196615,0.0020146061776453042,0.8841612346031651,247.83538327263955,0.9977287837998416,0.9952600895869865,0.198,0.9039021202461286,0.26380490266198486,0.6495656687926291,0.6477476805354985,0.5347842073163366,0.43742690894052033,0.8122162398242401,0.5523028743051749,0.4928893395441639
0.00016103538720448277,0.005856713593015819,0.010899498151535928,0.005370524814221016,0.004641051780483521,0.0063980615874141625,0.01781352792787481,0.00019329103265044631,46.640253379750284,112.74979773093719,0.7503,0.9996764726898897,0.005191643713621172,0.5414115333049417,0.2684,0.21095156181363733,0.26067732737028393,0.6860016453122856,0.9825,0.4175,0.29906771369910756,0.4186
0.7922869302040689,0.5717441689620943,0.033605944410812875,0.5958883940964357,0.01598578427137223,0.18710707125538542,0.08609237680582252,0.0598600531315415,0.4643656196923599,0.14893575288600472,0.28334653243281727,0.813589896695988,0.18075673335273035,0.38288553178578494,0.6448,0.06073376646530493,0.43865088971452904,0.0595,0.7517,0.6627238659791572,0.297406962268529,0.1132
0.004571722993220771,0.017351508671062096,0.019858512530458786,0.007292441791998497,0.19428409807049338,0.16162002126494712,0.005243053604352005,0.03193314598659387,0.23150528833533005,0.015742568931544947,0.07891045284570597,0.9014,0.827,0.094,0.8964,0.8980057472943832,0.3692214239367407,0.6735,0.591,0.39576858067912557,0.7101447543070369,0.9946454926465521
0.08836905189001078,0.030455956784200197,0.07044548871544702,0.023381845469651507,0.0006983875682186142,0.41592461371280937,0.000681816184593262,1.4584397020728715e-05,0.43732011272727583,0.23718018591640325,0.3634490664980264,0.9719375702595006,0.0003210112608234561,0.001455140710832803,0.7974379631391878,0.004740135209713184,0.15165970723871658,0.6373894602757059,0.43136033310946986,0.005812865728514971,0.18860667590014393,0.27775417471426184
0.2667322732545703,0.1931213603310862,6.777667928501315,2.5379876037851608,0.0046980865426717085,2.410837178967345,2.550461512799922,0.6455173308102028,0.393857766147991,0.063030715804384,0.0687,0.23862211921364473,0.49641106081544795,0.8546270943412259,0.6803,0.00031019849265245293,0.4141618968154392,0.9621,0.15890433047940206,0.11877372877683834,0.028221022784222144,0.9873
0.16546125400126005,0.21807956548265864,0.16160040471871892,0.06624408221892845,0.4098852213346397,0.4427707441395328,0.03953447018961284,0.04072304623511306,0.007947184927860835,0.20121241120091005,0.9093,0.09563967719346127,0.6373898214001136,0.2468,0.8911405773956711,0.5142,0.2594156391965433,0.3458,0.2766,0.5024,0.1992,0.08050569458983309
0.00028080994128920004,3.086215981900445e-05,0.01976346973869327,0.1056644452816169,0.202849786549904,0.8345124670928347,1.4867868272899407,0.31761063738110423,0.6513606157100179,0.037230202985184174,0.0405158190174216,0.7787753564043832,0.7096,0.7514,0.7591,0.7025521198302267,0.865,0.9962858029275665,0.1599541293115,0.8128,0.20262446537955586,0.13159624198226288
0.011874761169141879,0.0689561748254466,0.019565385090398027,0.026646827885013016,0.37408618886701156,0.16365412884198494,0.05910714997244202,0.14322401660264691,0.2017494472999094,0.18857610232748118,0.5968,0.5784,0.9231,0.6441,0.8056,0.8648,0.5651,0.2921,0.7104,0.0058,0.6923,0.282
0.18730740111173985,0.012329475856324715,0.010003838508686948,0.0505627798588776,0.049045978034254444,0.026950345718788706,0.004911596580515908,0.0004635690323237508,0.002201002195059836,0.00048218109195208937,0.2193,0.6557,0.0979,0.1377,0.3096,0.86,0.5692,0.3858,0.3043,0.5917,0.1335,0.6652
0.0007571999157770038,0.0008614011010301849,0.0004403793917444074,0.0005331829432736927,0.0014371934343437873,0.001325994407755954,0.0026468195819249044,7.568896129720205e-05,32.62397195871466,89.41848782376726,0.7772856395016139,0.9999306536707214,0.013560175723096007,0.5350788389984182,0.3779890609387006,0.522449251510207,0.2606755468771937,0.23339545713196674,0.5409273927280767,0.20391654623901245,0.29906771369910756,0.4214008527062667
0.0007964056702781924,0.0015393057391298558,0.0017376010842873634,0.0013678290758889575,0.012408183248952645,0.015101994766026602,19.130869200576083,0.07212205785620433,0.13163040695772482,248.3920213380098,0.9510633545414969,0.0043801751189252724,0.0024,0.999342891584152,0.5543152019164327,0.8582391347966822,0.32370000666030385,0.5008209278247442,0.696042981845408,0.207641546497574,0.8517266327017545,0.1017924630022342
0.06908126243811699,0.40114195685371706,0.11729339337628386,0.08424388691740922,0.002694351729896374,0.14654353016176733,0.05313757743257356,0.13429081673253315,0.1890528992109777,0.1727995936771231,0.589989651408087,0.5784,0.9262378436384783,0.6441,0.7977572753152381,0.0049538847035301425,0.37272750958700335,0.2994552671388975,0.7104,0.009569578406344148,0.6923,0.2855162736910675
0.0003115420893399563,3.629722375142279e-05,4.856310127070916e-05,0.002245731326513045,0.005606853101341561,0.04998551250483538,0.1542719711644585,0.2366952468891944,0.5330925536818423,0.062550641491116,0.08440554998285449,0.8163802464875056,0.9588404715247111,0.8596,0.8895644906443086,0.7687,0.955273455491073,0.23052020540261278,0.16912413136370474,0.7749866375780596,0.6031,0.41734878172973844
0.012664168981694876,0.02148300726161482,0.03816260458158036,0.07173118987802521,0.0024653422898367233,0.0005762083506446933,0.029392703829269333,0.002283912136418206,0.00048627457102470265,0.000995202513950134,0.4683,0.1523,0.3321,0.8342,0.0183,0.0791,0.4208,0.8121,0.9524,0.1274,0.6935,0.8565
0.01966777076953893,0.15493169300951287,0.039738415164190743,0.03173852424973449,0.017235407742421938,0.007323660422418142,2.0372061490613267,0.47364843570833703,0.41826233879316327,0.17192598148453503,0.22405096586143985,0.32124819561014617,0.47777855864966157,0.9987,0.24835248191139736,0.0835,0.3841,0.2782920362122775,0.7797,0.288,0.002452967086203295,0.6379452324859408
0.00010099843144739743,1.968603795922701e-05,0.001433096141148333,0.0007093919131460123,0.014331348411638722,0.015042991512835092,0.09361488661262704,0.44743335909901827,0.7226578976663052,0.03694490503862812,0.03563534079674624,0.7506778807893639,0.9868638577284947,0.8813872674227861,0.3947,0.9247933529100291,0.2585381031845608,0.9804,0.2719956695205979,0.6827263869063195,0.232880269208337,0.8956
0.032385895408502466,0.026059809242255115,0.06481395955571385,0.018698211292063727,0.00044932259397194275,0.24057037764547162,0.0005789395676478927,6.094129860834175,128.41043214915922,84.44556287261506,0.370001987521809,0.9697837891860932,0.9735559919661552,0.001455140710832803,0.7974379631391878,0.0036100076002723858,0.15165970723871658,0.6369525224217303,0.43136033310946986,0.005812865728514971,0.18864796918194024,0.27775417471426184
0.0501045534314921,0.025033747268788056,0.03874117216731052,0.17058359221626695,0.06908588815227604,0.10593797543493232,0.08155937835760067,0.0013054851621978447,125.97505861531573,5.009039526532829,0.0253,0.9988,0.0035,0.22320766632314823,0.3151338565241666,0.2290306964293351,0.7581815308003944,0.38523119814190165,0.29497886188759675,0.41660833115573537,0.204932849861595,0.4185479306590743
0.007992578111503574,0.001900626302205615,0.2111492884371309,0.27726522196342945,0.4648274004031842,0.022903568296423118,0.012806663591552962,0.018214987383146312,0.6568055092249806,0.21363412944431054,0.34437102699156685,0.9794,0.7679,0.30399181663776925,0.12784282490760368,0.37572641312639166,0.7718291345719769,0.9645496708902912,0.0532,0.4759,0.2938,0.08
0.0001228110789629117,0.0003786777118504808,0.00035151683920438465,5.696227865217823e-06,0.00041319336085598297,0.0003931191993200676,0.010930455269845913,0.15926519778163084,0.009715589083222911,0.2582294831980965,0.7774139799899994,0.03569907150384455,0.9891,0.9947,0.8472,0.46941008844642385,0.15620434651941706,0.6107178474309503,0.5255948261633132,0.42121882911544406,0.813535861396745,0.6052472112960141
0.0033304391105861185,0.007567847664195262,0.0031539717535850886,0.24467679016582256,0.004376127731730249,0.23513614500420935,0.305155044672399,0.06777054543637609,0.200987655736483,0.1658579618928456,0.589989651408087,0.6762620713571649,0.45849820215454373,0.8898231263200468,0.7977572753152381,0.0049538847035301425,0.9910276130967177,0.2994552671388975,0.42956792443390346,0.00832148057489901,0.6923,0.2855162736910675
0.002123684794273785,0.003586633344984959,0.007778447193993121,0.002404320949952664,0.0031949379189915965,0.0504169706194168,0.0005803048586696248,1.2353265751092593,97.32541621508555,63.93644256599258,0.370001987521809,0.9919130072441746,0.9735559919661552,0.007195595717572889,0.8791360759291121,0.21394021198723293,0.16933612920914698,0.6868292093298703,0.6596640138306318,0.20433464835750292,0.18864796918194024,0.38026456574119116
0.07772173641289085,0.8386717150028558,0.11706506618754127,0.3151891881020805,0.06557715793010041,0.06205220731293341,0.09883596580674045,0.00739391738449834,0.08511197394094382,0.22422800967921794,0.7503,0.4042,0.0266,0.5431,0.2684,0.2136,0.1934,0.1503,0.9825,0.4175,0.286,0.4186
1.5084735928515471,19.266587188135237,17.16492252072738,0.19382674107913236,11.790489090406338,7.591298156451155,0.1712745619791919,0.03106278918252072,0.08229898068301274,0.035979364538759315,0.08434865717477591,0.1054,0.0438,0.0604,0.7262,0.3017,0.01258490393214104,0.6587,0.8607,0.427,0.20075623043671303,0.5047
7.1169522196211684e-06,1.6720639111999693e-06,5.044734714129805e-06,4.785652972830889e-05,0.0017888557425054772,0.8756038505576097,1.4625943734408835,0.3453555743460468,0.37042132242423853,0.6502460274527303,0.6648187055381387,0.6197887085420826,0.7343350017054803,0.7533871942373094,0.9981,0.983604114423572,0.9084559576668179,0.6417,0.3209,0.6162761340208427,0.20490729988026013,0.5506
0.0013637545410525333,0.00026593289466317446,0.010083278313907505,0.004733116023831867,0.1001397711489082,0.11322906118051017,0.0676839593273037,0.44731227068173546,0.7226578976663052,0.03694490503862812,0.03563534079674624,0.7506778807893639,0.9802035217560324,0.3125720153364497,0.4173116933395263,0.9247933529100291,0.24613617176388797,0.9624164275467594,0.2719956695205979,0.6827263869063195,0.232880269208337,0.8956
1.780260570709125e-05,1.447441807923404e-05,2.1622873286676223e-05,1.3618292132457406e-05,5.724116382081573e-05,3.7026313604624644e-05,0.004684418872409075,0.0037779434640782287,0.5674149779030989,61.076673048183814,0.9940855075734777,0.9932476952398365,0.4320240048937841,0.9896269495150073,0.3224,0.6559713836047854,0.2595759974009409,0.4811294141061299,0.434587266184998,0.6028213853953439,0.9922590593346143,0.3097
0.007319689698035377,0.0017128039055483465,0.014715325406568553,0.006920794085526482,0.029546154937609235,0.0570261818407856,0.12603454775888098,0.1215572950829281,47.71264196117241,15.057612899070307,0.19461140853092124,0.9975,0.4494259045397716,0.6902138551262578,0.6531950144827838,0.6529979249338622,0.25250190402041284,0.6993277381883983,0.14633573382005005,0.305572743872008,0.7071381222268309,0.31061182288212175
0.00017958925356456165,0.003064469620939387,0.010704001508589352,0.027209248309700087,0.008823357262746138,0.01656441231329396,0.012034165887153284,0.0033999626302229505,19.657415229428178,116.97906920723828,0.8940110938985519,0.9988,0.05849753149107856,0.21150624764612597,0.31503526041056096,0.18561566890526798,0.7527,0.8222,0.9627343494695786,0.2965786146046561,0.6027285129565293,0.1753
0.22711406047797636,0.02411561065649331,0.48459443502151645,3.53461995498798,0.4076701403381225,0.05521259634005911,0.09264789084052835,0.31257902834014495,0.5474702494238609,0.06352293594064007,0.0961,0.6386003768534203,0.3991,0.18694857183131186,0.0654,0.35454926236026235,0.8283,0.9456054843162771,0.21881798067430447,0.2029,0.2198,0.3417
0.0063534580018840495,0.03120362936979757,0.07465527172028656,0.256609357466171,0.08898582727116253,0.21359185177427895,0.3586183362344051,0.23908492805057688,0.3103240825576937,0.12900956364697164,0.3306,0.5342,0.7702,0.9129,0.7645,0.0926,0.9069,0.8444,0.6662,0.7103,0.1983,0.5773
0.0014547993366750595,0.0005024854034422635,0.0006032309960529493,0.0008693503703759981,0.004937326975355611,0.38801433634154914,0.9991095956291024,0.3233611937989489,0.5700679705533811,0.09269077095239094,0.11289358467830951,0.7599637301090527,0.8087444461219445,0.8352538873461149,0.9877509839477575,0.8326,0.425343815320375,0.4340482159138954,0.43204502209975115,0.726651840170621,0.6166667378937638,0.3081498206751052
0.00010510943649183152,0.00018635090313692042,3.3876477067385336e-06,0.0003885587103828311,0.00021282723604643103,0.0032840908875130395,1.617987795858103,0.14117929296860215,0.1220657265480374,1.1899232352209037,0.9164,0.4549,0.4666,0.9991,0.8696,0.3011,0.6912,0.0124,0.8491,0.5609,0.786,0.4535
0.04139886933116173,0.10751409147987286,0.08024687911627264,0.031424873201926676,0.6691507022362729,0.10977063277531687,0.2016708418572865,0.0001911738982228018,0.00034631815628306415,0.5274919357627477,0.9638,0.0043801751189252724,0.0024,0.9031,0.5543152019164327,0.8582391347966822,0.32370000666030385,0.4919663821953444,0.47154710745526957,0.2082,0.8551,0.10230302798268437
0.002273920762710414,0.0021715677538147256,0.007706250604430023,0.0225477104702512,0.0073228825198175225,0.01916999868018894,0.15458902504717562,8.33891565455879e-05,0.49492101895750673,0.010255361687221253,0.015656771230951494,0.9869484450924332,0.0034885785190720137,0.8883214252576237,0.31644203239776797,0.1957,0.7527,0.8222,0.7316002873100158,0.5928,0.9975,0.1753
0.030873730420854686,0.0030151160995078785,0.007013018381088179,0.26232813666011007,1.1395470850110887,0.4232256613261446,0.06903662213574578,0.4690259185921801,0.41281826465107524,0.04505654902804499,0.0802,0.43169395639866437,0.9592997387888293,0.38867403443494275,0.7508,0.683999230266561,0.9454582344392454,0.0981,0.02188774847629421,0.3978,0.2695,0.998
0.0012226592627244005,0.0006490977136528931,0.0025752031327151543,0.001268883404871032,0.0012235680456475564,0.0015288902383977202,0.0007524977363046602,3.1117000249031414e-05,77.66041256106081,27.232414361316785,0.21470818786842916,0.9999687206147687,0.005191643713621172,0.12637997451097885,0.26805042983736194,0.23335660901904554,0.26067732737028393,0.6860016453122856,0.31070433962628,0.4095724762705726,0.29906771369910756,0.41811039774107495
0.0002562831589915218,0.0006490840094116177,0.00011019110572332407,0.21417435964982695,0.04593480376966519,0.5220844008098209,10.258473563789623,95.96267241999907,54.888334329077175,38.579170658337496,0.2129,0.3292,0.9321,0.9649,0.7471,0.1345,0.9979,0.0997,0.7606,0.8944,0.6073,0.6221
0.0006564280988272568,0.0005202903488683037,0.009213752670351717,0.008121116465255504,0.00011919334819144002,0.0338484316558195,0.13898274661864898,0.7588887754286522,0.19837600285262758,0.051765997143554364,0.07157281546487354,0.2378,0.9885,0.881,0.6817332606675458,0.006,0.4155,0.9621,0.6846060521903893,0.6783895330485306,0.7103798351574502,0.9873
0.0007650472367007505,0.0003296039845858288,0.007349576174473488,0.019929610526428873,0.0004157805721512643,0.05453399976373301,0.23406133917514838,1.2762224405953853,0.3336095088043315,0.10256803498182322,0.08417538789838713,0.2378,0.9885,0.8859099386960204,0.6803,0.012911674935755735,0.7440501444371563,0.9626589206136755,0.5018757491246475,0.6785,0.23349248959904068,0.9934764615845677
4.7945902430286425e-05,4.515180694595938e-05,0.033873123728755165,0.022542575708686993,0.003952371051438439,13.037740656179267,9.067905778199448,197.3718870050805,132.6079656555086,31.202091970286617,0.0828808150118811,0.3756709250412247,0.9488856975787776,0.3868771846801947,0.9980038728064496,0.0616460001590215,0.3738192133944561,0.9987622189418979,0.4808991794354931,0.9185395965145765,0.2734884047734166,0.9890409758926534
0.009586211431078805,0.02098950902669524,0.008035725669528019,0.02876004565516924,0.07231761037676282,0.07986965908031886,0.1407467776875036,0.15083897568533505,0.17110674484320332,0.23895170978061792,0.6825,0.5041,0.8534,0.9214,0.892,0.5055,0.7956,0.2713,0.4181,0.211,0.1153,0.1108
0.007259167280663772,0.03287981515466375,0.0999827343719839,0.021787117335422546,0.41885162034610723,0.2640835800260601,0.03504028311963369,0.007115539914887889,0.5056500444745969,0.14235261043819558,0.3052,0.9747573190613054,0.2528541723281079,0.3444840383121138,0.8599669086601954,0.8111,0.26170322879802466,0.8740151017601373,0.6434332661311081,0.7985666153496367,0.7006169667213138,0.12755145601307835
0.016024568469431545,0.06592463168643745,0.09815810333245295,0.4066928183517832,0.052809379276423776,0.03789235752572627,0.009956252585777817,0.01861751050697096,0.004240492513432915,0.4787296394423304,0.9839,0.12241911052659626,0.7510414423880756,0.2098,0.18096540375692718,0.035,0.9185358613823115,0.746,0.6153247877572396,0.5099,0.06358681788226728,0.7088
0.002721866196852308,0.0005491560508862067,0.010257488711816882,0.02300350174849644,0.9517274363265702,1.3738949487598877,0.004340524673066925,6.272401613072714,0.41722871873832673,295.9924912012345,0.9860119598712825,0.04086252791307987,0.8342,0.001653130146946985,0.6142143814300204,0.9830542036212867,0.7245,0.8317,0.12674118292146647,0.5897332292787019,0.8264416597905141,0.9697494177327387
0.056610106086890474,0.05801976526250228,0.005428940807159703,0.23937647500841888,0.09702752509351467,0.14649407217512495,0.27718525196473304,0.061869984867546,0.08244686249627009,0.21076902883147258,0.5560503606640802,0.1952,0.0991,0.7930197008034974,0.7015654787474737,0.7258,0.8159148107427312,0.0979,0.8206,0.1894,0.2688,0.7013737667122641
5.705704112729904e-05,0.0004130388108572203,0.0068604506058323085,0.018600367905841162,0.0003880403772745131,0.050896668683515195,0.22027317074826774,1.2007278494732236,0.38646529588570777,0.09914889931858842,0.08366534250446345,0.28623333842263754,0.9885,0.886834191942292,0.6803,0.012911674935755735,0.7440501444371563,0.9643830525614155,0.9623771809019315,0.6785,0.23349248959904068,0.9988773196647498
0.07188303863932649,0.20309144573529428,0.3671954669884389,0.29918227576230316,0.045953759354055386,0.030821038379013056,0.00849121109147855,0.015000414125504775,0.013826656756600542,0.48423637752526844,0.9839,0.4196935436592521,0.734797883893717,0.2068482076681728,0.1697,0.035,0.6329153073238825,0.7549078005270795,0.49832637663951407,0.39843363654961933,0.0588,0.7088
1.3226734539339902e-08,4.780208324757644e-07,1.6697604633019867e-06,5.127639409717029e-05,2.675332242708487e-06,2.7703374078096714e-05,2.030580823280064e-05,3.3976691586993996e-07,3.8704229202358555,149.8215875314995,0.9835575107266672,0.9999898347736276,0.0035,0.21313519626254163,0.31483350411262245,0.033166389522105044,0.9784439904864588,0.8224309146098733,0.982389360019427,0.5037349095559704,0.17234489703572103,0.29134228879964896
0.0437071671220761,0.00334204974457207,0.029611836405201864,0.04880018298670786,0.39593360488644913,0.022741146685339195,0.022026339328137058,0.00142217780208746,0.19230076850905375,0.09870406547263098,0.4830034627200406,0.976352944654691,0.13930357086716383,0.6573636551692392,0.24324289631826462,0.7830098897972955,0.6066782613531321,0.27548176716127315,0.017139644410791632,0.7106825633766923,0.9976262176804476,0.19506483556626755
0.9566262341111444,0.3529748290787543,1.2555360924957393,0.2975945803647642,0.015148257765036251,0.8032651673671359,0.21591681912331537,0.009591956936540627,0.10800312594384305,0.20355661530816116,0.3666,0.1428,0.00842792840110046,0.2631299826267305,0.7573328512067257,0.020851863190869596,0.0732,0.8687,0.5689,0.7448387844714527,0.0098,0.5010565000356657
0.0015992139423423324,0.022789799430533587,0.07966242022516766,0.20249946444037045,0.0694625467434484,0.12465803350242416,0.08920830881314575,0.0015176122865214576,146.4446339841974,5.822953909594728,0.0253,0.9988,0.0035,0.2095,0.3167,0.1957,0.7527,0.8222,0.9554,0.5928,0.9975,0.1753
0.006467526191837915,0.04117326394564909,0.018291085119899197,0.14366874146596087,0.054708726328490415,0.7214522420549743,0.23537109127737496,0.4351221662099622,0.1736928020819933,0.14866977193836917,0.2593,0.2107,0.3808,0.331,0.9624,0.7005,0.7464,0.4158,0.9703,0.8853,0.4381,0.0993
1.696984907246379e-06,1.5980914121619455e-06,0.0011988966067030663,0.0007978661117855226,0.02523072530883353,8.05984183538593,13.602623993064864,196.50202685992147,133.90185202009644,31.202091970286617,0.0828808150118811,0.37984006174521845,0.9488856975787776,0.6594693324028154,0.9980038728064496,0.9637023556245153,0.3738192133944561,0.9987622189418979,0.4808991794354931,0.9185395965145765,0.2734884047734166,0.9890409758926534
0.27965584779689673,0.11423654180019661,1.1496532751904978,0.3007623625254311,1.55479139583708,0.12795390928505718,0.09219115430030309,0.06913754064044646,0.001134607403231958,0.01664778115368988,0.22997079261427789,0.009116456324916561,0.7483265880828407,0.586902379671828,0.2580840539706354,0.49617724218854575,0.29574731190132386,0.779639964247976,0.09093860943945259,0.4000584825727141,0.2953830228578953,0.3064
0.7187432757268152,2.9046453132848233,4.351294353386481,18.025469875654405,2.821823110166904,1.6974924892407846,0.44218840434210493,0.7197342866551613,0.1690358049205708,0.007621515304489406,0.010213977835258514,0.12241911052659626,0.7185573366774773,0.2098,0.18263014334636618,0.04211296357258568,0.9185358613823115,0.746,0.6100073009822746,0.5099,0.06358681788226728,0.7088
0.00010191122568994524,6.221020254253517e-05,3.500553842558684e-05,0.022331762597661963,0.019793006836646466,0.22068007986570792,0.8759709632038377,0.08082427497661229,0.14135453781339932,0.18182858195956994,0.589989651408087,0.6762620713571649,0.47954030955282134,0.8898231263200468,0.8794553881051624,0.47899985060313544,0.9974138005160961,0.2937027447171673,0.6105396513515361,0.2078211770697471,0.6923,0.2855162736910675
0.0418139578154726,0.08565856842603017,0.11282578998384243,0.09429958523700897,0.012898892773524778,0.13343736976554402,1.0637825771125224,0.030600742650548143,0.2859836343121057,0.41506577122593846,0.688594076744325,0.494215616846256,0.0731,0.9821592350687318,0.8298157893614942,0.0305,0.6081,0.624,0.3978,0.20741643164583556,0.7684,0.11417620667786443
0.0011543327536516603,0.0031624684472673454,0.011927072218242322,0.03457121396156441,0.011158362939212473,0.14636040975741463,0.03495041427064499,4.886431994073067e-05,0.5001638642052799,0.004005763757717087,0.006069976858275428,0.9907903165637126,0.0028668707382982217,0.202130128987686,0.7743926150566568,0.1945637537783187,0.7527,0.8445163274597732,0.901272129626309,0.5922688161714529,0.9975,0.1753
0.021237939516201697,0.0023294561070571307,0.03215587351096695,0.030711075733426494,0.00021819741750902496,0.12369583202260981,0.06680733629890051,0.6282723373739661,0.1642322383107127,0.041118615434039635,0.0687,0.2378,0.9885,0.3865082292302656,0.6803,0.0029880950773876203,0.4298757858612716,0.8314265455117191,0.1596,0.5807467239503905,0.19523569977598165,0.9873
0.35771415582120264,0.02662885628146077,0.06940779747702906,0.15104720555745774,0.021072769682731737,0.05350549018928684,0.022727716343554697,0.19491581227496485,0.00894836632769633,0.2642898164341459,0.7999,0.0446,0.8180206899239016,0.3597654305761361,0.6449329018716656,0.2893,0.4294,0.528499191062105,0.15651903065009182,0.5776611715505761,0.3181,0.8116710673378971
0.006458216946317273,0.010956692255335364,0.028369464106425428,0.12592052630507317,0.0006292407737912952,0.000699174934050493,0.03571855109075383,0.0017881806503598227,0.0005465468388483005,0.001120210237214661,0.4683,0.1523,0.22582357601867034,0.8346470920643898,0.0183,0.01665108637946494,0.6886475685499976,0.8690850302929425,0.9524,0.1274,0.31926015018789566,0.2587201652355455
0.023312053628530942,0.0028549649011575646,0.00206538585596411,0.004963908477300468,0.030897105917491306,0.22970440926086985,0.7135268805970456,0.03206943571218376,0.13201926064864042,0.0001522102102525894,0.0009071413296800612,0.7616401961971443,0.2705,0.8596,0.8681665345852865,0.7690021334196364,0.26244782692478597,0.1343245173042635,0.1773,0.811,0.6031,0.29742571679087276
0.6387127393147282,0.5205321276373898,0.047375115072656876,0.2860894327241156,0.013158629078084232,0.14037138331301616,0.28783435029032595,0.0579811141676783,0.010273821289976368,0.2738073847324798,0.6394,0.025113652726633046,0.0898,0.7980074875726431,0.6408404806509386,0.0657618187053866,0.2631,0.09320409918677042,0.7777550091352203,0.29163903305093564,0.8391,0.7012377283563002
0.004421281682688347,0.0036391727187192677,0.024930097318944612,0.027439574190794135,0.23751334496410734,0.04490929837012172,0.008154934257120092,0.013629684280370154,0.8159457684896918,0.11307181582286031,0.1596,0.988,0.8342,0.3786,0.5928,0.8152,0.7245,0.8317,0.1796,0.5829,0.1959,0.9711
0.09956740146009346,0.06538347797123263,0.5551774257386375,0.23744830214952634,0.003971996230069459,0.2107977718352033,0.03573411950453495,0.8698542389105678,0.22164409470980073,0.05459984884962381,0.06574763184409615,0.14612888897564744,0.9885,0.38383352719134206,0.6784046608162276,0.0029880950773876203,0.4450894130643474,0.8320360711750288,0.14465119167262203,0.20615016073003406,0.19523569977598165,0.9461426141020614
0.00014920733578126092,0.00039701125464798424,6.696970537541311e-05,0.13016652905480977,0.018428694376898327,0.8349582052776277,15.314929519847052,143.26318194512584,81.94308504910596,57.595048219661884,0.2129,0.3292,0.9321,0.9649,0.9005795640849394,0.0895356985115185,0.9979,0.0997,0.7711383469146029,0.17995379979735943,0.6073,0.6221
0.008374908503525305,0.02361559021855293,0.017456008644869014,0.006109975908345121,0.40475922451598295,0.23555864872281299,0.017342414566119044,0.0042816620623266155,0.009557436279210164,0.2243327528516044,0.9718301745992378,0.3500984987586879,0.19291886873644223,0.20457164734391098,0.8546600498110839,0.9500976343159458,0.3001,0.5030084556052496,0.4977,0.21600380151584642,0.7138219591135492,0.5069795614994145
0.17574442367244772,0.1848155269058837,0.6438183478775471,0.1784562783504413,0.046533212286557206,0.1339598894952034,0.013174111255684937,0.0029643459851145366,0.0022999803938080396,0.2549005665489909,0.9839,0.1256,0.17851532298424228,0.2068482076681728,0.5283200346614858,0.03265575355359443,0.30483182764517924,0.7429899586100502,0.22575247669693377,0.5099559690601708,0.7148050125044666,0.7166063957812395
0.025467097279362683,0.5858902314960773,0.7235167943442239,0.24819071740584459,0.05907117453431359,0.03960699342294511,0.011080135862820846,0.02016337387022965,0.004738193883148234,0.5210922721883009,0.9839,0.1256,0.7449,0.2098,0.1697,0.035,0.3641,0.746,0.9218,0.5099,0.0588,0.7088
0.0007456281689090327,0.0003320512639074772,0.0010903442733082719,0.0004664643204785026,0.06381351362444362,0.028606894201847744,0.006036272619868837,0.40540006603662065,0.025097061194550338,0.51053228995811,0.8082,0.0552,0.9898454144500802,0.0578,0.1896,0.9865205659559682,0.2121,0.7620757190412858,0.5124,0.2255371301316696,0.618985793526203,0.1775780573653987
0.01067645442333007,0.21623534060689792,0.10713042346999099,0.11289968869426727,0.14326931787737146,1.3295084318515726,1.6864929956992807,0.25052506875978686,0.4483572398398289,0.2334419850395228,0.351,0.4415,0.3381,0.8928,0.9774,0.2684,0.6213,0.4836,0.9113,0.2811,0.6763,0.2141
1.3276401534292035e-05,0.00021483917934698904,0.000750563620045024,0.001907910036601241,0.0006291963992168537,0.0011631370584392806,0.0008363996527384673,0.00016736425461345752,1.3758833865667695,146.5541563803026,0.9940234353409206,0.9988,0.0411113238169612,0.2095,0.31503526041056096,0.18858705243616136,0.7527,0.8222,0.9607088180767047,0.5928,0.9975,0.1753
0.0024835386268727273,0.0005742196717473277,0.009436254332367238,0.006334292508029295,5.467005953576023e-05,0.0210617309307844,2.7909812127261606,154.49274889272218,35.95890942084902,18.392092422642982,0.07347595514347444,0.14556123842877478,0.9885,0.9945102765106456,0.6784046608162276,0.0029880950773876203,0.3660554751023464,0.8320360711750288,0.14465119167262203,0.20615016073003406,0.1701830184223742,0.49679887249486
0.0010410191900328027,0.0014577322650017519,0.0019985652766633054,0.004553363881799084,0.008611893422019793,0.01865428389993224,0.11393977734499895,0.03725542155920214,0.19993839674214728,65.61346647890167,0.9977287837998416,0.6518171941282417,0.198,0.8828058080998364,0.6839650799399403,0.6495656687926291,0.6609348733966555,0.5347842073163366,0.6052,0.8121661302232901,0.7081806895500106,0.5071
0.00015741460881273705,0.00011309186625828775,0.0005374229722131975,0.00039245619804653047,0.0002227307679981557,0.0003124474873444891,0.6155805821129414,0.17244437923827735,161.86878454220954,2.670977417096354,0.010503751421940877,0.9974857704026971,0.17388105994827932,0.9991806816972563,0.2580840539706354,0.1979397045918676,0.38318742323510363,0.779639964247976,0.3966079736231281,0.6000971028237961,0.7848546811012282,0.17511830933807138
4.1971336009462206e-05,0.0015168651733116609,0.005291265066358467,0.16250546341793418,0.05161994249414993,0.09203146971535385,0.2227536081276146,0.001623418092250365,156.7565975506358,2.462691865061107,0.010000641840525636,0.9988007811980882,0.0035,0.544118820793603,0.3149506994557988,0.1957,0.9784439904864588,0.8222,0.982389360019427,0.5920301545876036,0.1728988986843939,0.29134228879964896
9.326082864786208e-06,7.321214441706558e-07,5.014199734942059e-06,3.987344775026627e-06,0.0005108020091139234,0.016574675208696325,0.3584657240716817,0.49436553754998347,0.3912783071193224,0.8200842046436954,0.6912772278812578,0.5535,0.955307879653734,0.9799231671865658,0.9713620515210178,0.9900068703274955,0.33920353647929197,0.5941682596854666,0.11688078121502599,0.9196,0.1632,0.21721164984298647
0.04340331861822068,0.020773418153325594,0.01142023241109427,0.02967062923228946,0.037868348874397995,0.05497243321319337,0.017231982385013393,0.0046656119876664365,0.0008532516360630199,0.00038891292078219853,0.1641,0.1944,0.5413,0.3704,0.605,0.8659,0.4253,0.4957,0.8348,0.2152,0.3274,0.0387
0.001324147182943923,0.001320626927962396,0.0004554293035096283,0.0012807623197537306,0.007273088336329277,0.5715727816122106,1.42657575328037,0.4626820551596967,0.8156834767094233,0.13000393389333792,0.1107,0.7599637301090527,0.8087444461219445,0.8302764414615961,0.9877509839477575,0.8326,0.425343815320375,0.2093847487329454,0.7417667338688919,0.7323730039411938,0.6166667378937638,0.6819191704721348
0.2975509513562908,0.2638959418797973,0.05406333150641041,0.13399420852704494,0.21492585339161266,0.20963929785936924,0.08805086191010598,0.004569263767719499,0.07841446114292148,0.16874966217190504,0.6307,0.3032,0.012487365392417404,0.3404,0.5925217440208326,0.8115,0.23779939440681877,0.20577972806270456,0.7945,0.2914,0.9233757619362665,0.7016245414566094
0.0016037043647614993,0.02285379076001218,0.07988610381638263,0.20306806136847158,0.06965759017630664,0.12387468113398956,0.08927474300608416,0.0015187424654116287,146.5536925595514,1.39738993294565,0.006069976858275428,0.9988,0.0035,0.2095,0.3142744868072095,0.1957,0.7527,0.8222,0.9554,0.5928,0.9975,0.1753
0.0005868781814025972,0.008384248244619757,0.01563557625098298,0.007704139133113745,0.006657693591909519,0.009178163839993158,0.008204354321968605,0.00019476069764419853,46.88167504682772,113.3334190764202,0.7503,0.9996756914915472,0.005191643713621172,0.22325227924947624,0.2684,0.21095156181363733,0.26067732737028393,0.6860016453122856,0.9555106399805714,0.4175,0.2980346506380707,0.4186
0.01632784008594725,0.09431573214338815,0.029684994317799526,0.01292992712235059,0.33564678037851575,0.037787377872586334,0.00855424212197647,0.0038572342467072204,0.015837419404935583,0.15592942230240953,0.9625930261046307,0.7716,0.49971405841826544,0.3729,0.4349571036817354,0.8556,0.25689225434689195,0.3187182328387269,0.7090732788977334,0.112455496183622,0.0005521607398900064,0.5038351644337579
3.541194388778174e-05,1.0214183155138185e-05,8.067342008567465e-06,0.0011349761917984623,0.0019002572567738344,0.006256107169481628,0.04391309398102494,1.161456860693033,295.97718346220023,44.77905085444427,0.09558996800603364,0.9975,0.9756688338870654,0.904515432605529,0.7834852693683222,0.6570805886042095,0.9788456538565959,0.1371863463326775,0.17877356007385015,0.3108356195397551,0.552042123722553,0.9176745551536125
8.125228934901462e-05,0.0015619150159581299,0.0018215019976617604,0.005151873003493992,0.05054069747206074,0.0034234479677538805,0.31568307586366595,0.00464116565483834,0.5047901778292702,0.2641283857642787,0.4847,0.8926,0.0375,0.9966,0.2899,0.8469,0.8799,0.7355,0.9061,0.0741,0.0039,0.311
1.3843589764139057,2.237775608249703,1.9388279555019394,0.3694805419076422,0.4670015811265554,0.10956955644851714,0.5129711142219177,0.5834068151931523,0.6601922691541522,0.08038097313141834,0.1011,0.504,0.8596884415732905,0.8677665984459355,0.1402,0.0821,0.1546,0.4408,0.3294,0.21283997466090082,0.3303002976058033,0.2174
0.0007988356022961524,0.0003708193806413919,0.0006681748187860156,0.00023492298985590426,0.0008326146286349113,0.007388310149365405,0.6228197273875132,0.43500126051282867,0.016438499259820116,0.11776109920683167,0.2827875217718375,0.03569907150384455,0.9122087492715368,0.9947,0.8472,0.46941008844642385,0.15620434651941706,0.6107178474309503,0.5255948261633132,0.6127104015003086,0.813535861396745,0.5900355213190108
0.007569779578412464,0.005000103013002191,0.01057214306708109,0.00977037913786614,0.0876209938515717,0.04233292079890331,0.24198489563637704,0.041504092055597644,0.057216263314276976,0.6072901131117993,0.8502,0.16392316327583017,0.07939313349476394,0.89,0.38659827067053226,0.9685778634900036,0.2648,0.814,0.7309162687123951,0.2635,0.6394,0.9143
0.002544275749098574,0.002439211736423475,0.0002109035238501924,0.002287568242734114,0.05476268070251678,0.12838975508522615,0.17308490534457818,0.13796087636076843,0.18974012688650269,0.0866442485350528,0.2880942175954563,0.7101001272536211,0.910475416551542,0.6578815604872955,0.6448,0.9596923073099687,0.4289050378685447,0.054011999118105336,0.732522502126523,0.5963768810964751,0.3085,0.1132
0.0002775683519261617,0.0008296474855521743,0.0001313856104873064,0.26818537459698355,0.037969102661719774,1.6923320263581993,9.627534775972482,92.2003642546671,44.67720666947756,12.576913568489633,0.0774114635323404,0.2858637210828894,0.9327307363509562,0.8878453456644584,0.8989645904531843,0.0895356985115185,0.9979,0.09489901183292399,0.7944636382417517,0.6773926166806897,0.6073,0.6031597949397147
0.00047276625488211976,0.0008487081895766058,0.001128856925662051,0.014331228094332977,0.10492250737265153,0.8520491928210207,3.594352796497149,1.2732589615245276,0.11839709726043658,0.04237874955072976,0.03594597607006883,0.08503587321976692,0.8278,0.8964,0.8858,0.9176215798410331,0.9292423100714758,0.6037,0.8509,0.809996421888767,0.8153189715601057,0.7385860073317942
0.006576643888460623,0.005923179004835977,0.004267193966023834,0.23676690279018697,0.4228987740562557,0.5003511265654514,0.03383320956707429,0.02993961022819536,0.6607807529978227,0.37223818816352505,0.4293,0.7334,0.0425,0.065,0.6606,0.9365,0.9698,0.5524,0.7971,0.8537,0.1228,0.9824
0.0017338530179539149,0.0019431245189811411,0.00041397334201014003,0.004293746586277069,0.020858177934907345,0.2291951245662813,0.05569186364180376,0.008801928243846688,0.05175751664989803,0.24022145011313217,0.9195,0.7401,0.2819,0.5381,0.9912,0.7,0.8067,0.1022,0.2393,0.0007,0.9816,0.6988
0.03335703163100016,0.012740005443132425,0.2771120642337098,0.013249373343946269,2.1369297823004754,10.245220003760785,0.0022130151442215844,0.13532787017944586,1.7689649649451344,0.4442206263772943,0.2628,0.7859,0.1534,0.0006399749666081145,0.9819,0.9037577656946159,0.06105563920820259,0.8877116258249343,0.08510236664869897,0.4642,0.46678331502453163,0.7467672535550193
0.010371623540647447,0.06859607887042653,0.013561145890037093,0.014418121176130928,0.21546822140806246,1.5635758585313302,1.234067476693672,0.221141031135031,1.0687771222018225,0.10924718412080406,0.1107,0.7599637301090527,0.3859458276718921,0.8302764414615961,0.9877509839477575,0.8326,0.3974,0.21563627376534472,0.7417667338688919,0.7323730039411938,0.6169428306915221,0.6769
0.004024368613657371,0.006692769577874811,0.01401712999602728,0.006720400161983839,6.674096138494887e-06,0.027301471970082872,0.0640329124163103,0.06116434878722448,24.00885913228208,45.22195065621162,0.6892829453419501,0.9975,0.4494,0.7020042726877707,0.6388328481132244,0.0002442388999687184,0.25250190402041284,0.6764,0.6553496383610777,0.3066,0.7071381222268309,0.31029572042417114
0.007847014907691135,0.0018659970356498337,0.20818826027672432,0.292337443570793,0.4917235111213572,0.019276618005048058,0.013442068147133942,0.019013937249948015,0.685615052094446,0.18519762326127906,0.2946,0.9794,0.7679,0.3058,0.103,0.379,0.7855,0.9647,0.0532,0.4759,0.2938,0.08
0.06803526028358185,0.03960076691816289,0.002808040517244686,0.04856979849579487,0.29170923192068415,1.1014921314988186,0.3845624318561585,0.5247933182743678,0.721023559860175,0.1875497997905216,0.22738452513076862,0.5659,0.8653262964479198,0.6476970245909669,0.9739547052618678,0.6747,0.4906,0.01771638493548519,0.12868756124348313,0.2067960235916197,0.5791271175986367,0.3656662557056317
0.22149879291351232,0.018761363153343518,0.5118359502954125,0.13346825423518946,0.3704081247664774,0.046956086658273735,0.0021797430957969633,0.5065046779012574,0.5311280661021298,0.3590522681988754,0.4546901708969025,0.6185,0.7352724141595426,0.008501932918542954,0.103,0.7042,0.08194619141532578,0.9508,0.17705604305875405,0.6496,0.6129,0.6283827424250451
0.03442370810132259,0.026184933195250844,0.15125782223844864,0.03787799983240594,0.052710700878069075,0.07005514447359662,0.0005827856685494396,6.467140644595435,136.20778026756273,2.319672593544508,0.01082863317647284,0.9697837891860932,0.9818881289989383,0.002015937284989208,0.24860167657383997,0.20047530415463927,0.15041628601920787,0.8226950733933923,0.41398891627534795,0.005407286285079558,0.19722629790624283,0.020403547575047032
8.804459436780369e-05,0.003057267847009391,0.005689004374153461,0.0028032245343867514,0.007556085479921313,0.009707867445005125,0.015829370835581596,0.000452659729705516,41.82044449053379,114.62495651655698,0.7772856395016139,0.9996764726898897,0.013560175723096007,0.5350788389984182,0.4802957582986201,0.522449251510207,0.2606755468771937,0.6859615119185419,0.9816713991592939,0.4175,0.29906771369910756,0.4186
2.0733637982860327e-05,6.621084879646159e-05,9.81974085481658e-05,0.00040654199692467363,0.0006907638631008971,0.00035649476976881564,0.005997522150040823,0.001951597670390966,0.8553953783049953,239.7721514300646,0.9977287837998416,0.9952600895869865,0.19826627997209884,0.9066887684476213,0.26380490266198486,0.6495656687926291,0.8169374589095117,0.6084102986455695,0.8068031195581483,0.8952141534513087,0.5523028743051749,0.48991097737760003
0.3056872719861145,1.9433694561332338,0.0935081977062722,0.4360970342182268,0.1540130503174885,0.3537599587132311,0.06216679140837606,0.1924730276370869,0.31507783115605603,0.09861682458871573,0.2849,0.623,0.910475416551542,0.3852894127646749,0.6448,0.05997859802022798,0.4313,0.054011999118105336,0.732522502126523,0.6146,0.3085,0.1132
0.07345741778495889,0.00021182765880105097,0.03259737491004802,0.08562730206884511,0.017568896804211965,0.14151394036235623,0.7239360231932626,0.009451065016516972,0.23403287139910844,0.11982450397305616,0.3414851974451106,0.871161462807574,0.08379383130365034,0.8821750578901617,0.5040290882816616,0.11754937233356577,0.6614,0.5347842073163366,0.004286310532741977,0.8122162398242401,0.7097,0.6904557554731224
0.00020135719655508296,0.0005757941544755342,0.006681945666937967,0.005024919274048699,0.08357930247505439,0.020401949735233415,0.006094977775054161,0.10926005286287001,0.014531954718884984,0.33608830771496895,0.8784219081903248,0.07743672299048543,0.9885,0.5602762303157358,0.6749279888252603,0.8930146110771907,0.6328135962075488,0.9601913905689786,0.5018757491246475,0.6785,0.3150612473499025,0.9934764615845677
0.013434516890239067,0.002554325561997076,0.0006015876633698661,0.00411282988344508,0.006739167856947314,0.04036506616068247,0.0010101613186534058,0.011347781129689816,4.6952956197951305,131.78230256687098,0.9773263168953499,0.9939231825407899,0.1629565705954606,0.014832825766640585,0.762452706206459,0.2804892483359916,0.1858161489946668,0.027987606302501022,0.11961379701645336,0.7136449466389049,0.8207206724232534,0.29557134252077477
0.02521577349585717,0.011067392935553252,0.0009617285350506958,0.054661032367044594,0.02080620700042418,0.040179405410411734,0.0036865621524742884,0.0003766000177585249,0.00033376132470149005,0.0007099120819131919,0.5588,0.1952,0.0991,0.1287,0.6663,0.7258,0.8347,0.0979,0.8206,0.1894,0.2688,0.5151
0.0023226196263670777,0.0018219598820536985,0.0023512203424421586,0.0011037765263005486,0.18285000724670863,0.04324817419367488,0.35340232096658847,0.08547785976797315,0.020840533125067378,0.22603281006592396,0.8002612829532213,0.0984571681363192,0.49019173655970905,0.9806715030002038,0.6701,0.9805,0.3209518016056752,0.3771,0.1716,0.9102,0.4016373028582609,0.7196583653571421
0.011463877584315982,0.03486957931259025,0.018299832324502153,0.003316908111898513,0.2706672887787492,0.06718548378173303,0.09311209358412859,1.3910443939587012,0.44771664316745363,0.0403188484540999,0.03,0.18269555595748635,0.9892099227295346,0.8882623977919426,0.6809135637734045,0.9153090771757988,0.13983439202563677,0.40700565018968937,0.5217950648390457,0.22808643872157314,0.3330952390300596,0.9751947487113933
0.6741276529183583,0.02456159480235104,0.29638025534064455,0.030558946731059612,0.020588202634988007,0.17786759753577303,0.07171279416283227,0.2604111491465697,0.35639195368170434,0.16849441735943171,0.3602,0.6654,0.6178,0.3649,0.7287,0.1135,0.0304,0.7609,0.0778,0.97,0.4022,0.1853
1.1025079706585826e-05,0.00017840821327074665,0.0006232881488621875,0.0015843796357162111,0.0005225015554512242,0.0009661786233827166,0.0006946138523614246,0.00013899279998984317,2.437439698769303,146.540344947177,0.9894119272475967,0.9994374527707326,0.0411113238169612,0.2095,0.3151119518749148,0.18858705243616136,0.7527,0.8222,0.9607088180767047,0.5928,0.9975,0.1753
7.176071782334838e-06,0.0018897838425876812,0.0028913971809531266,0.0014991320168815546,0.00912559755337429,0.004512617405821326,0.01236713017037843,0.01303678821433981,41.30969159277133,99.62440838515326,0.7497605038919565,0.9996764726898897,0.4265422112391223,0.5414115333049417,0.27295390062875774,0.7508613364501084,0.26067732737028393,0.6314627023354166,0.9975825768409634,0.4213510242164145,0.19106502993078653,0.3006827066363412
0.0005943897102122064,0.00240144005738525,0.001340586592676666,0.004931236236518984,0.023090029983536167,0.15305868663845032,0.03719671813603365,0.016379822650084683,0.05175751664989803,0.24022145011313217,0.9195,0.7401,0.5875249650225456,0.5381,0.9853942538005651,0.6977470991276803,0.8734107869249695,0.46741481345581404,0.6097863149968363,0.0007,0.9816,0.6988
0.5114892726424478,1.4297610110022134,1.0768824172184606,0.40609005237942,0.20318126478352688,0.09693471922008505,0.4004222859955881,0.000698803082357647,0.016589118654364583,0.8651012219052495,0.9557004459335046,0.09536400669145723,0.004408247751636618,0.9031,0.22095950194525257,0.06518995901943503,0.3196162385179565,0.5070754829175282,0.49492770303891154,0.29267237052958545,0.838982894192335,0.059801087869016056
0.02680741153763169,0.06729541089039923,0.14954756302257674,0.1870437457435068,0.04616515727894293,0.055657188955236366,0.024442292746828187,0.003040727193065223,0.08099969689545145,0.26380131220228276,0.8945,0.93,0.2417788265442881,0.5904,0.4542,0.0618,0.7489518926079071,0.785074139913816,0.4608,0.2027,0.11973930215146353,0.6127572896454269
0.00025156923025266735,0.00012142768889902311,0.00012475144636295418,0.00021080447643839303,0.004666857927000847,0.0019100895027814042,2.4760983018994955,115.93853598403923,277.1597160349241,16.709293464921867,0.03536962211669342,0.7477258710006411,0.9864057553570095,0.9987,0.246614727428233,0.9494254103069191,0.3841,0.2673900543469566,0.2862857887617366,0.288,0.016439599071325195,0.6444907364600326
0.004744688190248281,0.0010096055518242165,0.0008181916837689333,0.0117578525342306,0.08391765373785831,0.15538164946262364,0.011565879513558254,0.01687761843030014,0.010998113084413917,350.81437088087625,0.999675948502884,0.03923394058910962,0.06037490094627007,0.04152758968439018,0.681706982819328,0.9040428488117289,0.7477309924998334,0.10637586631437873,0.1334733769575747,0.4608319790703146,0.830187372765426,0.612152330097744
0.357203610596594,0.4422447536633604,0.08438722649004853,0.2524811488598499,0.03462303322224176,0.6648405539380597,1.056331451592658,0.5191547615281826,1.102187729269872,0.10372558349696737,0.0952,0.6668,0.6987,0.9128,0.8862,0.0248,0.4628,0.0933,0.2617,0.4442,0.5024,0.4297
0.00541818623281885,0.002778801476787742,0.00916967040866202,0.003485905830512305,0.9353393631807202,2.8131908632729323,0.46062146442126256,0.1028416302270992,0.39668972355018145,0.13135562170555953,0.30836292779560903,0.6588859984343486,0.3159,0.41332288530500305,0.9714824911611649,0.9888721791817756,0.3385,0.5411197439996502,0.113757950443449,0.2826,0.6926473605928273,0.21664179161341884
1.7609606338018795e-05,0.00025157403309000514,0.005639169678366629,0.025973548706519137,0.009144729884832663,0.07057613117496878,0.027789297178855803,0.18591329290076308,39.63841579961986,96.58128568467181,0.7520638983235963,0.9967437444420995,0.7387346085776187,0.22325227924947624,0.758707209813135,0.21095156181363733,0.8637625973934755,0.9715486517471501,0.9555106399805714,0.8107270083691351,0.20277659593895872,0.4186
0.2828615219594032,0.1450124659065768,0.17843524694185414,0.34959985304302704,0.014023708976056795,0.021464592583831207,0.031828213058774195,0.18116401058226933,0.14025679094023946,0.16737818941881275,0.5991,0.5320671119589614,0.7678108019989961,0.4264,0.1966,0.09256284825472086,0.4509,0.6825343783723072,0.66603503489931,0.22417911475440688,0.1990391102563582,0.2902109285882128
0.002295933109510093,0.0032085542578735955,0.004401936822401582,0.009570158521977304,0.018327975516420226,0.009458843696200056,0.12321086721351317,0.04031965956907541,0.2163832203219004,71.01013814519061,0.9977287837998416,0.6518171941282417,0.198,0.8800540814152558,0.26380490266198486,0.6495656687926291,0.6477476805354985,0.5347842073163366,0.6045974399594105,0.8122162398242401,0.7097,0.4928893395441639
0.003211810458484588,0.01570080569597451,0.18989235376355929,0.4337372409287758,0.01541393049514053,0.35261799697204316,0.19866454386900917,0.10916752428336625,0.36608580883449215,0.39404762250840825,0.6873370722043911,0.7787753564043832,0.7096,0.7514,0.7591,0.009488384084083423,0.865,0.9685712859331023,0.6649,0.8128,0.20262446537955586,0.13219196240643297
6.430722824333464e-05,0.0005125245668160307,0.0007885011157828618,0.0002794881088775564,0.0023526037596429505,0.2462784464665931,0.03239200852491145,0.19125510709873098,5.2616688375243275,50.74712782581324,0.9341118727088444,0.9621128240549426,0.4177,0.08324973573401206,0.9934091421933338,0.7479907253016091,0.1835,0.6307932285318071,0.9205376180524447,0.2922597485060989,0.19177499761078293,0.2938803144720379
0.04184822213857559,0.03398466133119696,0.024168163456656733,0.014717357515945606,0.22587948302286337,0.18462803365342378,0.18023264494224558,0.2372125500535655,0.036750436532795354,0.008280549088679317,0.036835901470138877,0.0883,0.8779229600943202,0.8596,0.8888,0.7687,0.264,0.23052020540261278,0.1773,0.8001179651429102,0.6031,0.41734878172973844
0.007667660274050461,0.0018459865266325908,0.01415571968837229,0.006786845874561855,0.028974305154785458,0.05317761941968264,0.12472286661099334,0.11913549809416658,46.76429076924209,14.708772574702566,0.19399777351931818,0.9975,0.4494,0.7020042726877707,0.6388328481132244,0.6529979249338622,0.25250190402041284,0.6764,0.15040376514053078,0.3066,0.7071381222268309,0.3097
0.0004902296980430332,0.0003535908232024971,0.0009015443652380158,0.0015346383026299034,0.0031571229511324237,0.006671158312422978,0.27541628031011955,0.031776601173393544,0.03220798882539419,341.30093443308454,0.9994791935604405,0.0736,0.0731,0.9824,0.6795,0.6581244278621377,0.6081,0.624,0.3978,0.7374,0.7684053745431824,0.5093963004692794
0.028758593066798996,0.2280810789696631,0.056346727377497956,0.023976927941002348,0.5594526193727151,0.024150960424295483,0.8213082420910356,0.20406428126908444,0.04474283792870593,0.034754244214790043,0.1268705915731832,0.08981222528194371,0.49882328529492254,0.9862440044747247,0.1896,0.814540154209707,0.21792347961071196,0.26937696630635594,0.7810711425995254,0.29000930042634854,0.6072,0.5841210416704075
0.14617073611644982,0.16635193855820463,0.0037546140398593644,0.11016362080309818,0.657435724809466,0.11440904719134415,0.014700919132705544,0.03644025433657563,0.4322573338040035,0.20141372394299503,0.4511287038483397,0.9398957193396191,0.845729183155777,0.2669289561900659,0.5372905137188312,0.6730815237911697,0.4906,0.010422218149893553,0.2426226659705801,0.22724717804844,0.7047668209039236,0.4080886574202609
0.3619045650902888,0.08788487623064002,0.018079016176353224,0.05155334348271794,0.051556651280102804,0.023158058989446798,0.05299238988065601,0.06846391258160997,0.0477427220342401,0.3230562857675576,0.8941,0.38695433449474415,0.4494,0.6982884666950583,0.3224,0.655648438191255,0.19212267262971605,0.14069837305953092,0.4367,0.3066,0.5395322863008924,0.3097
0.013009323847396441,0.05901970178228644,0.01270185051507102,0.013451239113249728,0.20106441567435315,0.8673926344277475,0.5936501650614384,0.10793965559276256,0.5215761828625809,0.053269399210151086,0.1107,0.7604,0.3869,0.8057,0.9794,0.8326,0.3974,0.2165,0.6439,0.7987,0.615,0.6769
0.0002087783908824356,0.0003269530769184809,0.0005268702458420731,0.0022442629443536,0.012378369543026672,0.6141386212807305,0.08084734771843735,0.2761697225129358,0.4459471828714726,0.4927699816840998,0.6592930678931659,0.6190101033040118,0.9114356443059983,0.34911446821421505,0.9981,0.7383203923182955,0.9110486199020995,0.6417,0.3209,0.6162761340208427,0.30839303773147103,0.5506
9.786805967938653e-06,7.346299622349658e-05,0.0008928125728499036,0.003453159232989126,0.0021718466343086705,0.1658277920664911,0.18986714866461585,0.1863370553955481,5.2616688375243275,50.74712782581324,0.9341118727088444,0.9621128240549426,0.40519007909006477,0.5428600945630648,0.98396931931572,0.34814045206833194,0.8383989916929759,0.9472753142255167,0.9156854060482608,0.2922597485060989,0.19177499761078293,0.2938803144720379
0.07999676513492361,0.06166582461894699,0.006404420552985923,0.2597275838698778,0.011393083832194385,0.01535264773329194,0.00647400382418245,0.002583003963901851,0.0008410075192734105,0.00018259792706428325,0.1268,0.304,0.4873,0.2038,0.1972,0.1549,0.8115,0.1197,0.896,0.0836,0.1925,0.0288
0.39178665867513396,0.8025990830141078,1.063792205634171,0.8940978334509412,1.3039142763351292,0.08925651179894954,3.0977391801907173,0.08910929910084163,0.09845900303541355,0.04634031792533654,0.0637,0.0736,0.0731,0.9824,0.14421107988302673,0.2998448531428102,0.6102573752075837,0.6257774261926807,0.3978,0.5916683913528719,0.7684,0.3828
0.009416776273063933,0.013503596638116535,0.02516541783032714,0.008160952567522445,0.028576200223055633,0.22001222887552357,0.0005120905703365061,5.390452839176684,113.58313563465681,74.69480213541961,0.370001987521809,0.9697837891860932,0.9735559919661552,0.001455140710832803,0.8791360759291121,0.4724849406300925,0.16870335306371237,0.6312,0.6123320600271024,0.2048166061315601,0.18864796918194024,0.27775417471426184
0.22819678151799574,0.18531933871730538,0.07691160531858283,0.1754729666944889,1.5287267239968567,0.622921629791681,0.6352097816609505,0.07529054075999748,0.07769765080102684,0.006427262119394341,0.0363,0.2413603228066576,0.2765101785998888,0.8596,0.783459422604329,0.7687,0.5005889390346155,0.1384,0.1773,0.811,0.6031,0.102
0.0035563222214285086,0.0003194312547651298,0.07119134275393847,0.0845102514692817,0.7507685080231438,0.2562091267098526,0.0038330678176847857,0.022688941518314666,0.025508896099753223,0.6354992132846232,0.9788040618818125,0.4531558543625741,0.6298,0.0409,0.7518593845983981,0.8228,0.7497,0.9534,0.02018110730412062,0.7199,0.25103032109521534,0.6090068406220677
0.0019960353388088995,0.0027361513796174686,0.0013742496573114131,0.0011476757569721199,0.06166136627966489,0.0033803003118997436,0.9513457232019368,0.2290873268062036,0.8594380226295368,0.1851401182367149,0.22405096586143985,0.7477258710006411,0.4889329106304463,0.9987,0.24602322423699763,0.9490403055931773,0.3841,0.25924541439980253,0.2862857887617366,0.288,0.002452967086203295,0.6429799599396905
0.18616092234124107,0.12878301590259103,0.1571343585772528,0.4126319330227076,1.3368467932703563,0.365223740681025,0.26459855349626005,0.0002403222837914852,0.035489427750187985,0.2318403212917698,0.8765819836345535,0.2776,0.0021939346275673954,0.7852941817145691,0.6447753476318804,0.5803386652991399,0.7669345076115938,0.3244576209474368,0.1521,0.2791365177288486,0.711288221650286,0.5029
0.06472395848622131,0.9538966475061346,0.9106802891639779,0.24747365942647892,0.29352649533736164,0.26843456319288184,0.07273174771220281,0.019095132620145696,0.019288165193308348,0.17252154175581352,0.9215,0.3253,0.413,0.5118,0.6181,0.1383,0.2873,0.6793,0.8788,0.894,0.8026,0.0873
0.022192342457209698,0.10588248618856805,0.08912279085331716,0.3652565475952727,0.028298183461714258,0.06570324695644976,0.20966936178348872,0.044976813472313595,0.8452774167173726,0.26255286376945886,0.3306,0.9432056351274242,0.4493528665710451,0.9129041804740023,0.3264839612962927,0.020873202854288953,0.9069,0.6051688678104378,0.65816496510069,0.7103,0.6150608897470697,0.7380399150661929
0.07827998920409555,0.05703147347358432,0.10926232096399908,0.16875430346095907,0.12167208492559366,0.07540761643600766,0.00510378004694301,0.009245628927950592,0.004538102403001203,0.4580498471218134,0.9905785076005438,0.23795442503641948,0.665,0.15251183536243518,0.5662953391837723,0.17297649009287164,0.7206863727969242,0.4740008109782232,0.15985854420673545,0.5675965632218122,0.2008,0.9862573857513092
0.023995445519681434,0.0026065578662373074,0.005217905219760742,0.02486184445714741,0.0006171150787762319,0.02746843834628915,0.002392621331315119,0.005016713002286574,0.0004274237127146555,0.0009046454980330302,0.4022,0.1185,0.8212,0.1387,0.8886,0.0825,0.6921,0.7501,0.4503,0.614,0.9752,0.447
0.06415590527220784,0.34624762761716127,0.0041635334978342535,0.09637744989710412,0.5786234000850631,1.4002969304915955,0.13550035323240506,0.3180369825859318,0.4413822410019122,0.11545989511590637,0.2286,0.5659,0.8382,0.2682,0.9594,0.6747,0.4906,0.0132,0.6916,0.2146,0.5775,0.4101
0.009291201845391598,0.03695313237209819,0.026143416548810004,0.029287465631316234,0.9400253640770494,0.7069787251346413,0.05899048754807094,0.013276948530409791,0.07204215799864513,0.11181695680139922,0.7484,0.6302,0.198,0.2318,0.8867,0.9461,0.6614,0.5347,0.6052,0.8085,0.7097,0.5071
0.001988406277228301,0.03551647652554491,0.0018916953799798448,0.007782200210733551,0.09466213030047041,0.07551381496307145,3.0948723353315937,0.045505123594121524,1.4799198773426647,0.14259296235766517,0.09773010653264158,0.6703941395216735,0.0375,0.9966,0.8888112563588433,0.8153622543132106,0.44987498541449966,0.06556969918635536,0.8995894785079073,0.4499724741620298,0.049653551033686724,0.3074136435067168
0.00012392565919256394,0.00029157173370471733,0.0009085399391060758,0.015254341419368047,0.004333857685771085,0.008865566341237445,0.015852847779063716,0.0033942875568868597,1.5431890811639883,0.4774713258927885,0.3306,0.9976426909287129,0.4486803022989434,0.9129,0.6805061803745679,0.07803715174527914,0.9802488748593358,0.8423656216276929,0.44013760607514646,0.2841940818689145,0.5518516050461048,0.547427359705892
0.0057458119575947665,0.0004965132589686581,0.008611578843030708,0.022230523515434898,0.8756263160253004,1.846727484368426,0.00348910620079461,0.00210076427910562,0.006791613724271287,0.9283166696507632,0.960297406609785,0.04086252791307987,0.009014926179411908,0.0014563120960051357,0.6143619325698673,0.9831471342964736,0.7245,0.8317,0.12674118292146647,0.6458424485690568,0.8264416597905141,0.7676865400548397
0.12472564054649715,0.2849911581636079,0.030169376627420263,0.20587267124525316,0.10004362086139199,0.021758182866719163,0.0484164158568749,0.10568955472210186,0.3384460388683728,0.21410760368497803,0.4828,0.83,0.5376,0.4896,0.1593,0.6071,0.3464,0.114,0.9178,0.6851,0.2663,0.4978
