obj_0,obj_1,obj_2,var_0,var_1,var_2,var_3,var_4,var_5,var_6,var_7,var_8,var_9,var_10,var_11
0.4044285044028251,0.8706532463281916,0.3003150790209711,0.19301288231605312,0.7231620716905056,0.5244242316451662,0.49229609836306326,0.4907430616672519,0.5066442179665916,0.4524324456556567,0.45674392296286775,0.5160885162705574,0.5201852724286867,0.5167265189709558,0.49660933986797784
0.10858178240426729,0.9956827558969064,0.011149624446475565,0.007086540225571324,0.930848229991166,0.48039030280522943,0.48740514562917414,0.5025074225792356,0.5099723476133213,0.48839220283322426,0.5049841176927637,0.5063764091466001,0.5066304249734328,0.5170924242866499,0.47849148312668816
0.9146516448870885,0.1946806981483023,0.35930234277258394,0.23353234348732121,0.13351012211634952,0.4820727281846085,0.49291004428268864,0.49292750093994847,0.5123785444485961,0.5067352992364552,0.5088826367285746,0.5225941053796607,0.5228711897833664,0.49676454204111664,0.49304564996760036
0.836685653754817,0.554379472755155,0.07220352500733417,0.04571876249981213,0.37253392510983474,0.4853193697169276,0.5218416585048907,0.5026377643353771,0.5588162619341461,0.4784529701794868,0.5033903913280401,0.5217846733749761,0.4725910974333953,0.5192147560016204,0.4931420136579904
0.05584145512283318,1.0038217801095015,0.04111065318384661,0.026017470138559273,0.9646220348318099,0.537187894039149,0.4680760348549321,0.4746362625306814,0.49864626578818244,0.5068898383017546,0.4712603624414354,0.5423248451246514,0.5177973013671039,0.4973091403140844,0.48666175213179586
0.6551731560167008,0.13513976637924824,0.7462504065273429,0.5347313695914421,0.12949672028954345,0.5122748434671627,0.5008295727182788,0.4746362625306814,0.49864626578818244,0.5071147019806579,0.5056761344138759,0.5307058492370964,0.5173933034163355,0.4950301908676405,0.49290766485590276
0.5390635344214899,0.4051804575596939,0.7434703508019622,0.5310069340696392,0.41033225075896673,0.5110626322967123,0.47535516397924027,0.48214959181269956,0.5223594454380374,0.4731700216991504,0.5058449001629248,0.4972880797861243,0.5204746574159901,0.5257666180159488,0.4811696670776535
0.342821750849349,0.8724905048283483,0.3545821446621085,0.23021307182064854,0.7616553952132553,0.4916863180384547,0.4926682288900384,0.46441320691646754,0.5120283436196201,0.5064986217662341,0.48937813177874717,0.5228430968671754,0.5012500758136277,0.4988371681835505,0.49441479429979873
0.07466620025171965,0.6510598486572762,0.7617257707398641,0.5477106045485067,0.9273074313384694,0.47996148945532346,0.49273745845930095,0.4834134824799339,0.5093810908427181,0.48664600948633696,0.5344944454970444,0.5446606715483169,0.5045729490949272,0.5157862707642082,0.48055498263348906
0.3068176407513034,0.01645095687398501,0.9537133387417962,0.8015843077435492,0.03410164231652768,0.4791938220056938,0.4877365844769402,0.5157803268435615,0.5124533373665491,0.5071740998797934,0.5056035752731333,0.48119316952693053,0.4791989868680924,0.4968368176603674,0.4890548018761035
0.9897126109230974,0.1099999262685342,0.19697836688101922,0.12432344931066674,0.07046681746866386,0.4950294807633847,0.4881972432855548,0.5479014100672498,0.5843482627649632,0.43121448562736775,0.5080746691024088,0.523828976643115,0.4936025780339921,0.4968074899797582,0.48937205177792886
0.9034744201020213,0.09675108831476825,0.4259072162821265,0.27904348323349604,0.0679153869718525,0.48139576341516016,0.4940066576291525,0.5479014100672498,0.5125406270567366,0.5069581285954646,0.5000877962652766,0.5225941053796607,0.5005374228563121,0.4967823394103556,0.4898844385942283
0.736431140032181,0.5388271649237817,0.4277188619774632,0.27904348323349604,0.4021327346205046,0.48137214650566507,0.49036600319486806,0.4932420903676222,0.5138207874051788,0.5061654229023105,0.5088826367285746,0.5225941053796607,0.5800727405765262,0.4967823394103556,0.49304564996760036
0.1407433917731962,0.9917275636373095,0.010929974157929106,0.00694639752780361,0.9102519035866495,0.48039030280522943,0.48739429077686314,0.5025074225792356,0.5099723476133213,0.5146897603582614,0.5049841176927637,0.5063764091466001,0.5066304249734328,0.5169508083330128,0.47849148312668816
0.2843578173476581,0.444862763072693,0.860816176300379,0.6497470596834937,0.6379238385809738,0.49832368783827735,0.5019594872303115,0.5156324926238363,0.47305634955511766,0.43145621597066536,0.47130599480603597,0.5446606715483169,0.523364130635688,0.4793792857957262,0.48074510124904846
0.3066440339965069,0.016441648422133297,0.953173698721947,0.8015843077435492,0.03410164231652768,0.4791938220056938,0.4877365844769402,0.502697886296956,0.5025886483257676,0.5071740998797934,0.5056035752731333,0.48119316952693053,0.5067351307854462,0.5017117306004482,0.48163254374822295
0.9926115911285484,0.05322078245053592,0.1236147426672472,0.07876328944785377,0.034100942870703636,0.4797464738662882,0.5117990586381727,0.502707471531787,0.5030745031334961,0.5074569220999818,0.5057776218272872,0.5225332958151618,0.4793476714600833,0.5017277913256958,0.48992365401996685
0.04888232088653863,0.41780807045200824,0.910431112771401,0.7244561638730785,0.9258544338363638,0.48046494499077413,0.502743050685956,0.4746578186358908,0.49446317695767256,0.48618718747638706,0.5053688385060157,0.5378264249096708,0.5098084704737,0.4923881709148905,0.49306729374618974
0.11152095922592556,0.9690835596725862,0.24206049076985664,0.15484642349544364,0.9270594274940112,0.5011951345811174,0.49273745845930095,0.5026217868221514,0.5384889477092256,0.48724807646947454,0.5327298054286209,0.5446606715483169,0.5046043615477278,0.5157862707642082,0.4952591911599977
0.3069926959184172,0.0164243672973686,0.9523990653160677,0.8012229606850811,0.034027251869844316,0.4946096408356517,0.4878046101753242,0.5019715876070905,0.5025886483257676,0.5071740998797934,0.5056035752731333,0.48119316952693053,0.4932715660967796,0.5018237274092953,0.489263050642065
0.9925002561327865,0.20099875517069735,0.031808236013875786,0.019990246791988478,0.12720626809763674,0.49153177995750746,0.521884819622129,0.5027522551145639,0.5204885311416693,0.4865978022744975,0.5042441075708691,0.3958867784297091,0.47414045634517016,0.4967211059352704,0.4787067451344466
0.7314863425978096,0.11630546367462187,0.6802381233199982,0.4729384996126937,0.10038151705053328,0.48275035816911915,0.5309567684885378,0.547573827343238,0.5132659439170882,0.4784139125452035,0.5088392278821345,0.5225817372906902,0.472565028347308,0.4966722472608344,0.48847927013556247
0.45169790921850006,0.30205089288897424,0.8606807054516014,0.6414897173271692,0.3752298954802933,0.48142937421573334,0.5011324606259504,0.5010485617888886,0.5832847759357088,0.42727198733841903,0.5388492386935958,0.5198919058835465,0.4790165369281815,0.4957442631774132,0.554062012549232
0.11820268964201326,0.9893871201056683,0.09640450767168879,0.061402223639969396,0.9243014366625883,0.49792442402487713,0.4874072245936787,0.5026539564961092,0.5097777102148524,0.4870874911141395,0.4877617793482292,0.5058968090634083,0.5040681911595254,0.49778301518258816,0.47908510078700134
0.3896436090590194,0.9233740795069153,0.09582277741749769,0.06068318144643223,0.7457924657577419,0.49169649048978176,0.4876210025082475,0.5027037870025676,0.5026227067044344,0.4865978022744975,0.5089408773624866,0.5201636661054808,0.50118896192206,0.4967335408707223,0.42335613260330607
0.7529346204008659,0.6714862066789821,0.05505280968386156,0.03470539190736631,0.46363766269652407,0.4915309924492665,0.49273624660016835,0.5153736292556782,0.5818753829940269,0.4866014560211641,0.5034612737048011,0.505960118849476,0.5035203325613636,0.5507335530491202,0.47795205261881935
0.8198987863993636,0.13036293771361424,0.567480012128976,0.38171641026183795,0.10038151705053328,0.48275035816911915,0.5309567684885378,0.547573827343238,0.5132659439170882,0.4784139125452035,0.5068386101176122,0.5225817372906902,0.472565028347308,0.4965239842686628,0.48847927013556247
1.0097527290908666,0.06434671195588312,0.03941613076457503,0.02478788645210611,0.04051395143505588,0.48024484056466726,0.5120292294478765,0.5026242590035692,0.5573894331055893,0.4306864229458716,0.5051346246082726,0.460126208112704,0.5002765851671714,0.5480855123847023,0.5001388228254162
0.08927369273758673,0.902047874740399,0.4248828704208677,0.27904348323349604,0.9371996448545713,0.49145194711309786,0.4927451184092958,0.5029906016178581,0.5097642383852687,0.48583831365022523,0.48926961892891035,0.500571490761561,0.5223049931593826,0.49881127590606966,0.49312415773544604
0.04320983160666092,0.49205740749012533,0.8887317702600281,0.6770555150285916,0.9442385196200462,0.6011713061818799,0.4860295301691897,0.5150380228063437,0.467010085284598,0.4516215601813766,0.47190966976791426,0.4862188385849029,0.5078345203587706,0.5348026268950496,0.4790758358760576
0.8883766025413442,0.18341872802747008,0.4251917936096943,0.27904348323349604,0.12961843668039957,0.48137214650566507,0.49291004428268864,0.49292750093994847,0.5124992726273043,0.5067352992364552,0.5088826367285746,0.5225941053796607,0.5228711897833664,0.4967823394103556,0.49304564996760036
0.8126034783505657,0.1422135221096725,0.5879246132805229,0.39418384728482775,0.11029763212076757,0.5268109283633653,0.5308847327812103,0.547573827343238,0.5847456297169402,0.47886762689709605,0.5068354226301268,0.5225817372906902,0.472565028347308,0.4966722472608344,0.48847927013556247
0.40253079393302055,0.08310854428614496,0.9132228342678059,0.7307619661021879,0.12961843668039957,0.47902271014933523,0.500823020508748,0.5080257711671887,0.5124194405563544,0.50718270202949,0.500975509067553,0.5153989309971181,0.5195787847309791,0.4967781877143744,0.4893609505099682
1.0150478083929104,0.05459896082966532,0.0395997817402496,0.02478788645210611,0.03421052003837941,0.4805138546684811,0.5120366827172694,0.5023283175883881,0.5847032029331866,0.430690771908403,0.5051152529870253,0.5238300008281125,0.49651813237116393,0.4976016791791584,0.5645437079406685
0.9810270485221063,0.18550875062011496,0.07569675078551455,0.04817450543206737,0.11897771136407502,0.4916830597595576,0.4876210025082475,0.5157623474768659,0.502517400314006,0.4865978022744975,0.5089408773624866,0.506143608132547,0.50118896192206,0.4967330170009016,0.47783297970892413
0.061996043732076414,0.653455109955558,0.7633230939869365,0.547860239603802,0.9397814422446051,0.4798511587579567,0.49259262548701077,0.5150565484097047,0.5103203115750076,0.45178742923481374,0.4888598804550512,0.48618725920065287,0.45272941448173576,0.5266131029747799,0.4811375155526435
0.18685266110835017,0.6274510421472317,0.7613376807479866,0.547860239603802,0.8157406447650335,0.48143272724978237,0.5057866640483535,0.49164347321263263,0.5099125976610771,0.4519317003930329,0.5031910920059556,0.4862188385849029,0.5211422593047221,0.5157610561968239,0.48099883271392674
0.09725379423730621,0.9827023476790416,0.24281346805607867,0.15349107634287362,0.9372009883495342,0.4915706790548315,0.3870102855772259,0.511209418971343,0.4738777573636673,0.5285551558973904,0.47124933207121605,0.4999481851383374,0.5349026626121642,0.5151270680500625,0.5135063118988249
0.10015741901007982,1.01204206551073,0.041646705367055566,0.026055726027680803,0.9372009883495342,0.5374053485066301,0.3870102855772259,0.511209418971343,0.4738777573636673,0.48664634387339745,0.47124933207121605,0.5005910317320895,0.5232270806989843,0.53139121695812,0.5182868811899825
0.09765714984459599,0.9549205754606588,0.30028424002781173,0.19301288231605312,0.9351201708607695,0.5246463791031724,0.48771835027709864,0.4907430616672519,0.5066442179665916,0.4524324456556567,0.45667090406177374,0.5059776471035767,0.5201852724286867,0.51687592601936,0.4958071681212709
0.6602968727704797,0.035422797402335074,0.7513946824763666,0.5405711671746657,0.034119890340387656,0.4947625783194088,0.5008295727182788,0.5022022973583182,0.5061623333574118,0.5071550878988051,0.5080782440103692,0.5243822154162898,0.5005542097678802,0.49503349984380346,0.4893667303798984
0.2449810013633465,0.5809210079455975,0.7822818438134278,0.5681514801710763,0.7459365942272169,0.4982530297856004,0.5145533429231667,0.5155847926728524,0.5094204820827437,0.46374157344714273,0.5061140849813713,0.5293031438731676,0.5194740441703692,0.5347359137927674,0.48074510124904846
0.3055628398501955,0.5951057566174638,0.7462544835238801,0.5347313695914421,0.6980147511110237,0.5122966328626778,0.5008295727182788,0.4746340790523209,0.49864626578818244,0.4861864392042064,0.5056761344138759,0.5290745525820096,0.483731003174926,0.4950301908676405,0.49290766485590276
0.5535557699068011,0.10527785334273006,0.8294836533903588,0.6201252548034746,0.11964646759482943,0.4797404914991017,0.486605126996008,0.527315596432743,0.5030734386814846,0.5074569220999818,0.5060606830120995,0.5237151419246636,0.4793476714600833,0.5017277913256958,0.4815141676134184
0.9602826023054788,0.27171174295310213,0.10137029411523604,0.06444373970434145,0.17554276166398947,0.4921515860717816,0.4678204735659193,0.4746362625306814,0.49864626578818244,0.5071147019806579,0.5003546553770132,0.5307820976964884,0.5173933034163355,0.4950301908676405,0.49290766485590276
0.306237032006856,0.9492876503766379,0.09572138908143585,0.06090674101425331,0.8013385771834383,0.49857887328469574,0.48761586077025204,0.5157623474768659,0.509859981781007,0.4906654082593935,0.4727575714256443,0.5056666805461474,0.480759241026377,0.4971463282115481,0.48260796904121694
0.1312268394617821,0.5398889443748789,0.8359515470540568,0.6265592184255498,0.8482051365755727,0.49844915859533345,0.5057889249035742,0.49164347321263263,0.5099125976610771,0.4519317003930329,0.5031910920059556,0.4870403342991429,0.5210870412209586,0.5158825327683371,0.48099697811302394
0.19388888849848798,0.9785208875109489,0.09573430815456827,0.060909804369159715,0.8754700800459108,0.49153133214469413,0.4875687681326149,0.5157623474768659,0.5098605340071373,0.4865978022744975,0.4712343240463747,0.5061485972348859,0.5040856153295851,0.4971463282115481,0.47794056361058024
0.983533563771082,0.18640867363595215,0.03075382955939379,0.019551953275326057,0.11924388004495892,0.49153177995750746,0.4876210025082475,0.5157623474768659,0.509859981781007,0.4865978022744975,0.48383302860056693,0.5061485972348859,0.50118896192206,0.4967211059352704,0.4787067451344466
1.008346391167948,0.07945060319404193,0.03940330306049756,0.02478788645210611,0.05005773952024185,0.492209137377539,0.5120292294478765,0.5026242590035692,0.5573894331055893,0.4306864229458716,0.5051346246082726,0.460126208112704,0.5003346477741959,0.5480855123847023,0.5001388228254162
0.1938888870310501,0.9785208801050649,0.09573430743000817,0.060909804369159715,0.8754700800459108,0.49153177995750746,0.4875687681326149,0.5157623474768659,0.5098605340071373,0.4865978022744975,0.4712343240463747,0.5061485972348859,0.5040856153295851,0.4971463282115481,0.47794056361058024
0.7070727799375255,0.630585453214293,0.35608454559425573,0.22887458197374116,0.46363766269652407,0.4914507777454544,0.4903296017132971,0.5153704383472227,0.5818753829940269,0.4858324579821679,0.5034612737048011,0.505960118849476,0.5652420956569946,0.4979214499488195,0.47754748314207596
0.9552307213911228,0.2943419167132571,0.09587978959228531,0.060880100307443924,0.19028889778616126,0.49213813701679615,0.48695465701352536,0.5155282589389316,0.49864626578818244,0.5071147019806579,0.4698028420362752,0.5435782151487072,0.5176787605947019,0.4973091403140844,0.4780211309816783
0.8702132379235531,0.046723905146117704,0.5184698226214117,0.3416675413072927,0.03414890256745384,0.47570905407022507,0.5304467807190801,0.5174583733731588,0.5023836589569907,0.48388841190320836,0.4157158780447645,0.5199315574322669,0.47408617136186426,0.4726401203591366,0.5550074151863666
0.7505776600667122,0.6606456856169987,0.09595639896217152,0.06090674101425331,0.4594853924877966,0.49146428026954103,0.48761586077025204,0.5153596293549458,0.509859981781007,0.49066685485704936,0.4719128217533488,0.5056666805461474,0.5032525521248634,0.550514648415547,0.4782360970925267
0.3272538880234376,0.8471363916056197,0.425677176973492,0.27904348323349604,0.7653128143485979,0.48000186902328185,0.501969220215665,0.49074371979100384,0.5069926125719629,0.5069855062713308,0.45876566258272533,0.5174179078431639,0.4820848286212657,0.5017614011169279,0.4930115413766626
0.04144277396862252,0.41299328584120504,0.9532180582167166,0.7385539806830526,0.9363300441581969,0.31263553413533013,0.5027126703289804,0.4739492061464169,0.47234555363789515,0.5145169167804031,0.4713056221723392,0.5383477470915953,0.523364130635688,0.4967379827153869,0.49302026484312966
0.972141303102378,0.21960779333986985,0.10830087330838448,0.06890870833453917,0.1414390626941473,0.49153177995750746,0.4929189289306073,0.5157623474768659,0.509859981781007,0.48635895407323765,0.47061133104719177,0.5217623637259113,0.5040856153295851,0.4967836942352773,0.47794056361058024
0.14049416459368555,0.3719353642454732,0.9240945384060268,0.7413390129504207,0.7700726424618611,0.48001045256017927,0.5025865494910124,0.4320393594665781,0.5063810649005417,0.50865950197884,0.5058357321186252,0.48177193057998835,0.47915375295594964,0.501711443716641,0.4929138483249063
0.6523221023506687,0.12367909923289577,0.7486175269284242,0.5381158039465171,0.1192860707076597,0.49492060204771676,0.5008295727182788,0.502002324218152,0.5061623333574118,0.5071550878988051,0.5000576821749522,0.4808684323790378,0.5008185502990614,0.49501960678689655,0.4893667303798984
0.3268592249940075,0.8461147584734028,0.42516381700934214,0.27904348323349604,0.7653128143485979,0.4800044229725006,0.501969220215665,0.4907430616672519,0.5069926125719629,0.48588266850520345,0.5061254105801932,0.5160885162705574,0.5201852724286867,0.5162460312180807,0.4930115413766626
