obj_0,obj_1,obj_2,obj_3,obj_4,obj_5,obj_6,obj_7,obj_8,obj_9,var_0,var_1,var_2,var_3,var_4,var_5,var_6,var_7,var_8,var_9,var_10,var_11
-0.4402347077951126,0.08821571021081917,-0.4883153208968331,2.0624021560460033,-2.7520988536977105,-1.1247517869846717,-10.411499404822692,-2.1779676634366,4.445813175083489,15.31328916551265,0.5742508091012827,1.7605070011500168,0.12397487115437189,1.2162194414759895,2.1978137255479098,-3.4245544886624253,3.198110881077338,5.473303130745963,1.874099432708305,1.809356038661916,4.583856229316355,0.14598321357599253
nan,nan,nan,nan,nan,nan,nan,nan,nan,nan,0.0819888890207719,0.0,1.389001859981125,-0.5321983558453983,0.0,0.0,-1.3058428604491104,0.0,0.0,-0.8327284736827438,0.0,1.2486489190939527
-3.8413889040371206e-48,-0.0,-6.273464164053905e-32,3.480872184823549e-32,-0.0,9.296729488819561e-32,9.703323899916011e-32,2.4878031341988456e-15,40.628908448230966,0.0,0.0,1.0,1.0,1.5603693350972914,3.4184225158633703,0.0,3.6775112528445613,1.0,0.0,1.0,6.762430680670961,0.901086546797591
-1.4814201186419703e-34,-2.41934265401811e-18,-0.039510863960164684,0.060042534106074893,-0.014763978062228273,0.032876752858028095,0.4390846933754679,0.44239694593115003,7.942870623918613,0.0,0.0,0.9497328980992334,0.4971427473493641,1.1153010136867314,2.268165304743331,-0.12897282099853152,1.370520354660988,1.0,1.0,2.9649952682170193,1.0,1.300933006589988
0.0937796497284984,-0.09021119587445751,0.008239224879146573,0.0,0.36840431841965315,0.3085724852814211,1.3206734233307522,0.0,-0.05671572033773827,0.635602240878348,0.2691780134169369,-0.02556774952029911,0.0,0.7704666028739453,0.42549495070855925,0.7834447978941919,0.0,0.0402554073030128,-0.4876544754531592,0.7213036233586057,0.0,0.0
nan,nan,nan,nan,nan,nan,nan,nan,nan,nan,0.44334844439222293,0.7009374336551413,0.7123996476852148,0.0,1.0,-0.467284376196725,1.5776652730433691,2.7860600471864894,0.22223388005194594,1.6295221966992943,1.0,1.0
0.002683979126077958,0.0037743534139100935,0.019299166689649566,0.029551819482773283,0.11284279372716575,-0.1286663136742507,-0.07141355754550083,2.8648398796451913,-1.397131933970797,0.20961751182551316,0.04173424544922294,-0.28831979164117544,1.0419001998236805,0.2469107356457535,0.5266402068179077,3.1945409139879257,-0.6234951283102701,-0.8500611582739928,-1.393522217613489,0.9514092174602216,-0.47828511397326423,1.5193198700757176
0.004298910915614741,0.0038531542971608533,0.12380499845346535,0.08582121241283189,-0.0899011342826104,0.07900019177821946,-2.3249034943788107,-3.9710190578910725,12.116149518197322,8.748301749130444,0.3779584146365752,1.2312520827661115,0.6618556307757315,0.9474131454648157,2.269241254104127,-1.6576697694503042,2.3855604814112144,4.9703360892239505,0.4652241301562695,1.0,4.26004484405335,1.0
4.407425960834496e-19,5.358706124519149e-19,-9.583774793269116e-18,-0.15692455869639388,-0.05603843435630925,-0.044747577814739155,-2.387149734854264,-2.1384732458218445,6.841068319924596,19.231613093265253,0.7616551354493102,1.2792685416160452,0.4642296752514521,1.0459325484731818,2.167020048633982,0.21835405189927926,1.0,5.046009195586073,0.5618155966308753,2.7348896741154034,4.305729384791775,0.929671023379144
0.30592806828007957,0.0,0.0,-0.05524596318824017,0.8953134401099393,0.0,0.0,-0.6975199179985294,-0.9999938710229646,0.005340513823400858,0.0022016071209833565,-1.551584366889563,1.5960875442758324,0.0,0.0,5.212759379166043,-2.1137380688169554,0.0,0.0,0.2895873781087869,0.0,1.0
-0.013410060092909916,-0.0,-0.03075081431586894,-0.15775600058040987,-0.0,0.045457878409814204,0.6845298287609276,0.547697919382408,6.4086463145670285,1.9892615696648663,0.18988095493830015,0.9119035677130296,0.4205888111703923,0.8471660948837336,1.825105307646779,0.0,1.1333933296590446,2.73820625988842,0.0,1.7976742283338774,2.4793782998766076,0.9092503385556819
-3.910425078032852e-17,-0.0,-0.6386208792209218,-0.4099652984701879,0.5097196300755203,-0.13961426833627036,-0.05395001748028898,2.7509629794567347,-3.7179388243509024,0.2576929083638472,0.034745287518969936,-0.5779934899162595,1.2067807930953407,0.03709729499463965,0.09647974160753314,3.623466675575576,0.3633177891183219,1.0,0.0,1.0,-1.2955270969243915,1.0
-0.010171358685788053,-0.0008379076497354683,0.00784644418446403,-0.015123989095295866,-0.1918312113779579,0.061445854787993005,0.043347937202825246,1.3349949919232478,-0.28359239062929026,1.4306116797382578,0.5113720418521162,-0.13172718973184233,1.0979315452638825,-0.13430996333349654,-0.1963594164271727,0.9343223014940042,0.5510644689702908,-0.4172648983318785,0.052326027511711226,0.12738372672917508,-0.33480757579306886,0.8901935418537539
-2.1355959093177073,1.7984099772389441,-0.0,-0.0,-1.4223154212208138,1.0291270410105495,1.3323454257697271,6.438795115919707,0.0,8.01359107823727,0.5272224095513431,0.0,0.6786920490876167,0.24441902922367698,1.797974673396863,0.29995294058911864,0.0,0.0,-0.4455679803933784,2.5172707073164267,2.8576442412916148,1.0
-0.002084629761054385,0.002005306526998604,-0.0001831498991605765,-0.0015130617654622806,0.002727767094334498,0.003362106220840467,0.0015535192089901186,1.448494125159959,-0.05820576514557047,0.6523008883296635,0.2691780134169369,-0.02556774952029911,0.9975197216602494,0.17754227043220383,0.42549495070855925,1.557353197945448,0.30629339405480893,0.0402554073030128,-0.4876544754531592,0.7213036233586057,0.15255804657576855,1.1480578868648736
nan,nan,nan,nan,nan,nan,nan,nan,nan,nan,0.9007680389278071,0.51664379870063,0.546955646033422,0.5153953533595301,0.6069903503934749,0.0,0.65940547378215,0.7622721034811661,0.43498039730567806,0.6016510065369973,0.67906978993701,0.5714564822256576
0.01306514113343399,-0.011002306225576828,-0.05064105290752425,-0.31242531908580523,-0.1614714454878497,0.11683388116538497,1.5670349566952015,2.744165305037757,6.955554322428717,8.332725017538936,0.5272224095513431,0.7268428012200847,0.6620233406210243,0.850689115054817,1.797974673396863,0.29995294058911864,1.1078573597816341,3.207096288769783,-0.4455679803933784,2.5172707073164267,2.8576442412916148,1.326559815447256
-0.007432174443673816,0.0137037856865086,0.0025760889570029077,0.02822062119343626,-0.11829671952559485,0.13325076662543842,0.35529757033486553,0.9925288009702339,1.2567467702381176,0.5821871004617379,0.21590467642450892,0.5510899174713552,0.756780125848646,0.6999098623476916,1.473612977533349,1.1699033398457526,0.6750591927292352,1.8957434816094838,-0.683633862108384,0.0,0.0,1.0
-0.04300716348922216,-0.008892251520202918,0.001035687053887635,0.04381986692108774,-0.13279120304499548,1.6313341919041016,2.30430133816761,3.838054138853064,-6.454641091918946,2.802765136176158,0.21393392026560687,-0.5950374116713697,1.404170377225531,-0.6066072214609403,-0.9429540816858324,1.2782751196527067,0.49920791980358115,-2.015010569209494,0.12979979765422173,-1.0664800320611965,-1.726950882938155,0.7937780214371613
-0.07899689562720971,0.06993697737849523,-0.4243403720356555,-0.023699443767890547,-0.001557026482221733,0.09939811524652345,0.05615369719216793,2.7486555394395866,-1.390628017546422,1.325079372251614,0.2561593199960579,-0.2947645346031525,1.1038817860060903,-0.07919922914346023,-0.14209587290834969,1.9977364117702905,-0.03447098146055039,-1.155141482215969,-0.46132092568433447,0.07549009965794462,-0.8756279163606413,1.057819302430793
nan,nan,nan,nan,nan,nan,nan,nan,nan,nan,0.48006738156202783,0.0,0.6897844671886447,1.0,0.0,1.0,1.0,7.0726247118101195,0.14139535886829618,3.930912895912283,6.106037894731372,1.0
-1.1161648339416524e-49,-1.8228355060720687e-33,-0.0,-2.976916295116597e-17,1.331776433640623e-17,-1.6314421391417766e-17,-7.629101405481095e-17,-0.0,2.580652869935951e-16,4.434998674085845,1.0,1.2015772659881139,0.0,1.2838529403262993,2.295295938993246,-0.2678022654203668,1.0,0.0,1.0,2.24539878923447,1.0,0.8722656855321086
3.7804992844097105e-67,-3.883494724245495e-67,-8.85112586663201e-51,-1.4454985507322616e-34,1.5759925995484547e-33,2.5845946194871574e-17,0.42209633361825677,0.7437644826421382,0.0,1.233849507051331,0.6141541421278164,0.0,0.6713834157303533,1.0,1.0,-2.9417722260818873,1.0,1.0,1.4914450629143383,0.0,0.0,0.46472027320408893
0.38658105705997464,0.08730119487734249,-3.4589768952235693,11.02350640338487,1.0300847175721366,-15.219486564633668,-15.90312441650129,-13.838274141480516,15.97365229678479,30.66510226265577,0.48006738156202783,1.674528310628445,0.32309289650472306,1.5586343687340518,3.414759473199358,-2.056577079787192,2.8052452186707004,7.0726247118101195,0.14139535886829618,3.930912895912283,6.106037894731372,1.2696217765560533
-0.008783021071381838,0.004255908199006356,0.017570481947984867,-0.005552130384865119,0.00799923067423209,1.5643317929253706,1.8300433707982708,3.826037699138638,-9.229703583052322,3.2159569526380163,0.19306535079502896,-0.7100582976927463,1.3575689237631643,-0.5497011146725365,-0.9909117436371544,2.2331984623382883,-0.17157913501240718,-2.6772140467314616,-0.2872556890672181,-0.9779837506869338,-2.2220866827673023,0.9177507886763238
-0.0042042882549041104,0.0008139209560346453,0.025776290563517514,0.04900951436153197,0.10852257769952556,0.20067159705538395,0.13697111826660666,1.0887964437246491,0.535774554840926,1.5747208943500735,0.5744660110531452,0.2835665733577515,0.8442444075068084,0.33619192219557975,0.6524564543016318,0.6988602509260065,0.6881726225221477,1.1048076661836146,-0.12173920910540512,1.180857577074054,1.0116511906135917,1.0302620556082231
-3.6939158182721007e-50,-3.646393963479504e-48,-5.955318813667065e-32,-9.725773697058432e-16,-0.0,1.260275104302705e-15,1.3153934999137343e-15,8.00682981897374e-16,36.1712191328977,18.502732450495767,0.30101325241247634,1.0,0.23547521108749503,1.5603693350972914,3.4184225158633703,0.0,1.0,1.0,0.9935510550092487,1.0,6.762430680670961,0.901086546797591
-0.015523772326579376,0.010014227905639389,-0.14722185808448623,-0.028237302814585887,-0.026545053183396068,0.06192346152663752,0.02020807216141594,2.0619517484189878,-0.844518169435337,2.1687292541313044,0.4905034723815383,-0.24674807575321883,1.0513300918015158,-0.07740385654509274,-0.24431707837849448,1.889245644179586,-0.1197225858456974,-1.0794683758538466,-0.36472945920972866,0.21588000810343755,-0.8299433756222161,1.0141663090929165
3.201352346854299e-17,2.0799850091693087e-18,-2.466456569823434e-17,4.7540849573479135e-17,0.0,-1.9891169392570943e-17,0.0,1.0700793099043295,0.0,1.1090088546592396,0.5113720418521162,0.0,1.0,0.0,-0.1963594164271727,0.0,0.5510644689702908,-0.4172648983318785,0.041304451647333484,0.12738372672917508,0.0,0.8901935418537539
1.0704237662190309e-33,1.1131463116047332e-33,-8.543519241553173e-33,1.1070156307388197e-32,0.0,2.297573706924259e-16,1.2369925473219408e-17,0.0,3.1958137851739244e-17,3.793729221317268,1.0,0.08786055666656534,0.0,0.03424196330607121,1.0,0.0,0.5766004388477014,-0.8861549272132416,0.5124541674481885,-0.5922127522533744,-0.713073517208076,0.8595179647539251
6.577200337618669e-18,-4.242885155510071e-18,6.23757959294611e-17,-0.0,1.1048465685648607e-17,0.0,-7.799095003756226e-18,1.05015025235866,-0.42871504263760446,1.1009435774199914,0.4905034723815383,-0.24674807575321883,1.0,-0.07740385654509274,0.0,1.889245644179586,0.0,-1.0794683758538466,-0.36472945920972866,0.21588000810343755,0.0,0.0
-4.143414806996462,-0.6255882464196466,-0.0,0.6245209301064264,1.7516371951392558,-1.6276650872164424,0.0,0.0,0.0,1.1935346028149603,0.15316201776849525,0.0,0.0,0.0,-0.21718644412857846,1.7504161997577503,-0.09418661596828692,0.0,0.09539868072674867,-0.5037164708791118,-1.2082093170372232,0.7893066123477321
-0.011555193199661641,0.015191768787722196,-0.0017379286871112693,0.06896171636088276,-0.14862161548311512,-0.04531794898623505,-2.2804488283265427,-1.477340462534822,2.1431881450789603,24.78994679928218,0.9115922637143258,1.575446234657072,0.3651445837687049,1.0476675148364216,2.170683091297994,-3.28572504424059,3.1725749111999275,5.942193159627326,1.4139712927718278,2.5289525176444654,4.962122170731362,0.5611357936206816
3.2139110326861225e-49,0.0,1.0717205444478594e-50,5.251632445225133e-33,8.576566645797831e-17,1.4006596272115635,-0.3991955005580961,-0.36959276936917873,0.08458233289111937,1.397147781826851,0.47635698286282374,1.964202008903529,0.1582123032330629,1.823246267365966,1.0,1.0,1.0,8.021221053049402,0.0,0.0,0.0,1.2439949676987854
6.1097077850350625e-19,-5.409003629302566e-19,3.2818956415268615e-18,1.8329413445938978e-19,-0.0,7.687512209861703e-19,-1.3369727684093362e-17,8.390030610737718e-17,1.3886425314462818,0.590998677016782,0.2561593199960579,1.0,1.1038817860060903,0.838206769686098,-0.14209587290834969,0.0,-0.03447098146055039,-1.155141482215969,-0.46132092568433447,0.07549009965794462,1.0,0.7810085285801359
-0.0002775997838283233,0.00018116170430640575,0.00023347589950552106,-0.004597314295013843,-0.007371910167141779,0.10753032546001862,0.072918487559181,2.60974755159515,1.147999707100715,1.317081906616719,0.27524713078959395,0.26353257928055723,0.9682621725826727,0.37839185692737326,1.0513800081382032,0.6439057587478212,1.0560008106149243,1.609350617892168,-0.36809421025086786,1.3234069485260553,1.4655009341465286,1.2301442950306634
nan,nan,nan,nan,nan,nan,nan,nan,nan,nan,1.0,0.678826342370151,0.7145750348255986,0.8411453134380833,0.0,0.40844370817982334,1.1931089641667811,0.0,0.0,0.2895873781087869,0.0,0.0
-0.2035616846028428,0.04018783143833262,-0.7632933963578962,1.1440484754895053,-3.5553379411468113,-36.04079772620358,-50.08279600214284,-11.671438997321422,29.37424841730802,-19.716756667540952,-0.17614408062612097,-2.278089550065004,1.8812076182508672,-1.398793261288009,-2.9328149470193585,7.237396953308216,-3.3851099478055158,-8.831026804020382,-2.1240878867988684,-2.705924615994049,-7.249006945079995,1.4233827892418058
-0.022639272510467615,0.041585193036714874,-0.010075597070892884,0.11292160981707267,-0.42984974323226566,-0.2043171673332572,-6.8098398283601105,-5.25653413585785,7.904375791329248,21.053369732469157,0.6772481113288453,1.5274297758071382,0.41769627797327924,1.0458721422380544,2.2729042967681385,-3.177234276649885,3.2578265155850747,5.866520053265204,1.317379826297222,2.3885626091989725,4.916437629992938,0.6047887869585581
nan,nan,nan,nan,nan,nan,nan,nan,nan,nan,1.0,-0.5950374116713697,1.0,1.0,1.0,1.0,0.49920791980358115,-2.015010569209494,0.07887307278750555,0.0,0.0,0.7937780214371613
0.00905867372011964,-0.005843658438663357,0.02482961499342685,0.03719187262340084,-0.008084374707479842,-0.0732448129978645,0.010614306067809715,1.0830418052723834,0.266699010326337,1.085932760422559,0.4905034723815383,0.1532291009012113,1.0513300918015158,-0.07740385654509274,0.6386267805530882,1.889245644179586,0.5994706098242906,0.7392392916388026,-0.36472945920972866,0.9935057587650427,0.7263997707377199,1.0141663090929165
2.4801000610598472e-33,4.5727964022441184e-34,0.0,-3.516710939265196e-33,-1.0110452306168911e-33,-8.677133121963535e-33,-1.0087556418612514e-32,-2.2910400822526815e-16,6.99210413572529e-16,12.016328477290106,1.0,1.2015772659881139,1.0,0.5108658182158733,0.698672396624871,0.14611427054190218,1.3960563245383988,0.0,0.11607599440702271,2.24539878923447,3.296620282827735,0.8857804265452989
-0.35613570047498777,-0.13123941532795497,-0.0,-0.701053996386752,-0.40614493573547206,0.29385556567522303,3.941339096496151,6.061006657490456,0.0,7.891815425512999,0.5251848576735368,0.0,0.6248223345922175,0.850689115054817,1.797974673396863,0.2999680200270564,0.6841008219484043,0.0,0.22477027842438846,2.5172707073164267,2.8576442412916148,0.15894420393668918
-0.21161008982269977,0.041776774627489605,-0.7934724281708578,1.1892817704480527,-3.695908601581806,-37.4657758359757,-52.06296549010478,-12.1329033968353,30.535645046307703,0.0,0.0,-2.278089550065004,1.8812076182508672,-1.398793261288009,-2.9328149470193585,7.237396953308216,-3.3851099478055158,-8.831026804020382,-2.1240878867988684,-2.705924615994049,-7.249006945079995,1.4233827892418058
-4.5548749384503555e-50,2.1317268237575744e-49,-3.559958499775379e-33,-0.0,-5.333123722267882e-35,-5.814505788481872e-17,9.055221231285474e-17,1.1846150463109226e-16,2.613696312249769,1.162955051407195,0.26651673080053506,1.0,0.5305257772858696,1.3633909353156868,1.0,0.009536397842935612,0.0,1.0,-0.8659882181559575,1.0,1.0,1.6665105686241655
nan,nan,nan,nan,nan,nan,nan,nan,nan,nan,0.3847690850736037,0.23555011450781782,0.8967961017113828,1.0,0.7546776597717767,0.8073510185167111,1.0,0.0,0.8913019782267457,1.040467668628561,0.9659666498751667,0.5121883725370006
-0.0035756832577059864,-0.012973621675365943,0.0021109386939716416,0.026138637644269044,-0.001036330327101525,-0.20942713785297268,-0.23404707552124193,-0.45033672751290516,-16.450669627775273,2.1316276570131807,0.0819888890207719,-1.0212697177785928,1.389001859981125,-0.5321983558453983,-1.089068643623791,4.022373985912464,-1.3058428604491104,-3.9009461220994455,-1.1712092811894395,-0.8327284736827438,-3.1415201476024146,1.2486489190939527
-5.156648874506298e-33,-8.421446702994786e-17,-0.0,-1.8257064276493024e-17,-1.4072750200750461,-0.318510213455376,-0.11166720013670252,1.0650904791621918,0.0,0.01722444196083401,0.006102308578258775,0.0,1.5960875442758324,0.049171553026224286,0.1416995389001049,1.0,0.1359112062971295,0.0,1.0,0.398396861508275,0.0,1.232553172578646
6.341142613587449e-18,4.075479042861546e-18,0.12310290535848477,0.15467277463968626,-0.000702886588780161,-0.15491345937293458,0.03140680972834474,1.5373253383568897,-0.7777794113987094,0.0,0.0,-0.2947645346031525,1.1038817860060903,-0.07919922914346023,0.42315450613005523,1.9977364117702905,0.5720442233194881,1.0,0.3636558406101918,0.07549009965794462,0.0,1.057819302430793
1.0880057069528757e-50,6.397339548669293e-51,2.061243058998457e-34,4.270308063127493e-34,7.74387589732312e-18,0.12646709080062446,0.7546739178166245,0.0,0.6932657538106037,0.0,0.0,0.4686273398506964,0.0,0.8942983945807234,1.0,1.0,0.7137085923995583,1.0,0.3383889308310722,0.4612610980915044,0.633385249198585,0.615109475563534
-0.11903169046262115,-0.13694351303589736,0.19733808841667946,-0.8334583856043744,0.0,0.28114995362032447,-0.0,-0.18137001664123054,0.3702246011661994,1.2752124640815878,0.5742508091012827,1.7605070011500168,0.12397487115437189,0.0,2.1978137255479098,0.0,3.198110881077338,5.473303130745963,0.5444748678679986,1.0,1.0,0.14598321357599253
-1.1309543929004187e-17,-1.1884088609963526e-16,3.719360811131198e-17,6.036064504997331e-16,3.881367765681259e-16,-11.896333568893212,4.805187155331869,0.5286065554883513,0.0,59.32831981093838,0.8643030736629128,0.0,0.026214139652403712,1.7556127685156562,1.0,-5.642255064616901,4.8699627700889945,9.807721582667662,0.9395977114640487,1.0,8.210515824171122,0.5041977547294789
0.014970728965064765,-0.01709752387548339,-0.10851503515566614,-0.35422122269090833,-0.2772634844213994,0.07323216073902944,1.9388617425777923,4.147044432420269,8.33432932982405,4.717493188759448,0.2928782571658628,0.678826342370151,0.7145750348255986,0.8488937424564496,1.9001958788670077,0.40844370817982334,1.1931089641667811,3.1314231824076613,-0.5421594468679842,2.376880798870934,2.8119597005531896,1.3702128087851326
nan,nan,nan,nan,nan,nan,nan,nan,nan,nan,0.4396371482222744,0.2645230892431353,1.0,0.3343965495972122,0.7546776597717767,0.19398082738599826,0.7734242269072948,1.0,0.0,0.0,0.9659666498751667,1.0
3.4910684187848266e-65,-4.5897548681272586e-65,-9.417534662618761e-49,-1.5380001269224098e-32,-2.511744819801473e-16,-4.1019905846326425,-11.23308634281414,-7.820754211615547,11.24823166650463,17.200334211463783,0.4822887891835005,1.575446234657072,0.3687119384231841,0.7771033681349683,1.0,1.0,1.0,1.0,1.4139712927718278,2.5289525176444654,4.962122170731362,0.5611357936206816
-0.04747486428894126,-0.07462416168252241,0.10413032702762726,-0.05620222586652683,0.18909591546431004,0.3089305434019163,0.4940242800854435,1.5842913914161596,5.732586710269882,5.343582074379953,0.46421701386280084,0.8159583196765179,0.7590011011475812,0.5736352903457381,1.4204253833753224,-1.4222077188823063,2.2484523278593573,3.4482635247084574,0.6392893667733858,1.5410259153250319,2.9135860776466886,0.8332555029625512
2.3709090845634838e-49,3.8719883744671575e-33,6.323436891621301e-17,0.0,8.032797376173645e-17,3.2829137627806594e-17,-1.7535311157261917,-0.3157292971259334,0.7037953293949917,2.4241732542349443,0.5742508091012827,1.7605070011500168,0.11341043440136238,1.0,2.1978137255479098,-3.4245544886624253,0.0,1.0,1.0,1.809356038661916,1.0,0.14598321357599253
nan,nan,nan,nan,nan,nan,nan,nan,nan,nan,0.21590467642450892,0.438185391534265,0.756780125848646,0.6999098623476916,1.0,1.1699033398457526,0.0,1.8957434816094838,-0.683633862108384,1.8596277908009102,0.0,0.9448130235166198
0.007864588856154077,-0.036807058918268194,-0.09787611620754832,0.07301390671596925,0.0,-1.7764001961853533,-2.7736248212850634,-1.208093859770575,18.07868354099196,7.480783841916345,0.2456346556640608,1.1221025702324843,0.22364953545336821,1.3633909353156868,3.0457140979622386,0.0,1.6127937014262677,5.233711804993829,-0.8659882181559575,0.022044098921786492,4.657952751231212,1.6665105686241655
0.09373316747124748,-0.09016648233558539,0.028891351866327256,0.06955226541809327,0.0,0.11867140591437277,0.05483417136052154,0.0,-0.00800423551773895,1.7073552832103736,0.9260022698844227,-0.02556774952029911,0.0,0.17754227043220383,0.42549495070855925,0.0,0.30629339405480893,0.13915708361368262,-0.4876544754531592,0.7213036233586057,1.0,1.1480578868648736
nan,nan,nan,nan,nan,nan,nan,nan,nan,nan,0.41911514168195246,0.27060994352072737,0.9099020362430215,0.17927723679544372,1.0,0.0,1.0,0.9364393713442665,0.3645012206877932,0.5153664668876676,0.8089508325153565,0.7795226571064112
0.0021497302157008884,-0.0009567643387366748,0.0028257178301346517,-0.13989511573753766,-0.049139696913735806,0.13859488764722064,0.32323166603421094,1.1963012019415784,1.0398215566975788,0.6359626066143457,0.23677324589508686,0.4403017516185513,0.8033815793110124,0.6430037555592878,1.5215706394846709,0.21497999716017102,0.9832702780862843,2.557946959131452,-0.26657837538694407,1.0,1.0,0.0
1.5919751229914608e-33,0.0,0.0,-2.874865308562053e-34,-2.6419449750972842e-17,-0.4314623574628553,5.0550498449134,3.733914928065175,3.2011402924425765,-0.021906259935093233,-0.0019736496508349632,0.29931454123181256,1.5960875442758324,-0.9457941345860709,1.0,1.0,-2.1137380688169554,0.0,0.0,-1.7977060426533604,1.0,1.232553172578646
-0.34817364169522064,-0.0,1.2808214869365167,-1.5247488200121082,5.1674360536166795,52.382789105954075,0.0,-9.944935755821948,25.02904855628557,-16.800145930323527,-0.17614408062612097,-2.278089550065004,1.8812076182508672,0.0,-2.9328149470193585,7.237396953308216,0.5440030130919069,-8.831026804020382,0.0,0.0,-7.249006945079995,0.9512956669917243
nan,nan,nan,nan,nan,nan,nan,nan,nan,nan,0.5744660110531452,0.2835665733577515,0.8442444075068084,0.33619192219557975,0.0,0.6988602509260065,0.0,1.0,-0.12173920910540512,1.0,1.0,1.0302620556082231
-0.0051470551512411734,-0.00461335395476387,-0.148230835099357,-0.10275312098949668,0.10763798212961223,-0.09458636199326291,-3.318720537244361,-3.38271858087037,12.481525118891504,14.550631047265071,0.5273109830638298,1.2312520827661115,0.5053139633905073,1.0441371758748144,2.269241254104127,-1.6576697694503042,2.3855604814112144,4.9703360892239505,0.4652241301562695,2.5944997656699105,4.26004484405335,0.9733240167170204
2.3915444346611898e-05,-6.815247241628551e-05,0.0008679815558250583,0.0006024045683982328,-0.0007723949594523422,0.24382343886969546,0.198696189050286,2.543129818120154,0.6088710046494801,0.8967594871846118,0.20891571849425591,0.14851169325918073,0.9216607191203061,0.43529796371577706,1.0034223461868814,1.5988291014334028,0.38521375579893613,0.9471471403701999,-0.7851496969723077,1.4119032299003178,0.9703651343173814,1.3541170622698258
-0.005305938783811171,0.005104039994924544,-0.0,-0.003843449097902395,0.006929019169818631,0.008547923521839326,0.0039475617361078566,1.2708115673954403,-0.05106869686397165,0.572317127811902,0.2691780134169369,-0.02556774952029911,0.9928165666336995,0.17754227043220383,0.42576926550644323,1.557353197945448,0.30629339405480893,0.0,-0.4876544754531592,0.7213036233586057,0.19052799536010862,0.0
-0.002072954998866774,-0.001336190006159141,-0.024620010690008656,0.08589174092828158,0.0053119653451704305,0.07154272495550576,0.03315716870015887,0.8374131292542336,0.3829010942673847,0.7181524940402609,0.41911514168195246,0.27060994352072737,0.9099020362430215,0.17927723679544372,0.4291579933725711,0.03778869074586699,1.1785594282286693,0.9364393713442665,0.3645012206877932,0.5153664668876676,0.8089508325153565,0.7795226571064112
-7.081574653146528e-35,-6.99047090879342e-33,3.427915535743314e-34,-1.1430608158017713e-16,-0.0,1.4811891924799924e-16,-3.0555174710848547,-5.713490579464654,0.2983508128217998,9.874258638354036,0.6300045098270434,1.9707060036694715,0.6873619490392487,1.0,3.4184225158633703,0.0,1.0,7.968808675851373,0.9935510550092487,3.724975739441345,1.0,0.9043673615492136
-8.60983805051137e-36,-6.336478420239347e-36,-1.745841339557519e-19,-0.0028511752789017073,0.03108568415574202,-0.03971435026515827,-0.06415359255034321,-0.1438801473140203,0.9294778366607301,1.3621054457036847,0.6141541421278164,1.1121360127175444,0.6713834157303533,0.575370256708978,1.4240884260393343,-2.9417722260818873,1.0,1.0,0.4039056004029772,1.0,1.0,0.8966052633083235
0.010976670629026299,0.0024788500217183644,-0.09821497820155924,1.5535204148765538,-0.1387076372276929,2.0494033016766076,-6.835783350709916,-4.639143489385094,4.854911098221529,9.320119315044298,0.48006738156202783,1.674528310628445,0.3601818657027594,0.7704666028739453,3.414759473199358,-2.056577079787192,0.9595435477405383,7.0726247118101195,0.14139535886829618,3.930912895912283,1.0,1.2696217765560533
-3.9749774110364334e-49,-1.5948697516814717e-49,-1.4282208761260936e-50,4.002167172918782e-48,-1.2052792771538743e-47,-2.075229549200083e-31,5.914515436666824e-32,3.5240652386355516e-15,57.55235290843275,0.0,0.0,1.0,1.0,1.823246267365966,1.0,0.7948132746453749,3.0679082135500546,8.021221053049402,0.24291119373221998,4.378637456812876,6.923279877682499,0.0
nan,nan,nan,nan,nan,nan,nan,nan,nan,nan,1.0,0.9971151266961678,0.5545024433447622,0.6322763634973818,1.3761307640880125,0.0,1.0,3.682244011227743,0.46313537612014977,1.0,3.0748430637571293,0.5886930404432514
0.8964642124774311,0.1353515157871097,0.7783826441286589,0.1780881373642998,0.4994961583869047,-0.4641443219298985,0.1999893835061336,4.560062296586928,-0.46371506434624615,1.175927580810561,0.15316201776849525,-0.06168730926027394,0.8101603791871829,0.09114807009447501,-0.21718644412857846,1.7504161997577503,-0.09418661596828692,-1.5483584047352101,0.09539868072674867,-0.5037164708791118,-1.2082093170372232,0.5990137290482274
6.089037066656131e-18,-3.653557605292059e-18,1.772113743680252e-18,0.0,0.0,3.2792180384433423e-18,-0.13097461898624518,-0.009326436206519585,5.059994930907466,5.6372015881827835,0.5342113674815963,1.016516499495169,0.04525601089194409,1.0,2.268165304743331,0.0,0.0,4.155692630009067,-0.3440521455294546,2.9649952682170193,0.0,1.0
2.4012216300135047e-49,-2.7423477003215807e-49,-1.7405207869671307e-48,2.9041498930929805e-32,0.0,4.742836702165821e-16,0.0,2.8847684605949066e-16,9.065881083477734,4.492267807914412,0.2928782571658628,1.0,0.34788346412140486,0.0,1.0,0.0,1.0,3.1314231824076613,-0.5421594468679842,2.376880798870934,2.8119597005531896,1.0
-0.055772476004890374,0.0805579125637181,0.048797130216078184,-0.16919637725735562,-0.0743238598793165,0.8144072754415537,0.5379523310570768,6.62754157813816,-19.39643116316098,-0.6774643586236714,-0.0210084132067907,-0.7881924924357142,1.0952804531622176,-0.3618510566074631,-1.1641592148440199,3.7750537738999235,-1.3655584949568471,-4.294163044618687,-0.6144896747783565,-1.4119350442198007,-3.4741015482789956,0.7898433457113871
-0.024576174286603348,0.004851910866998724,0.0,0.03623172909520997,-0.1125966634153646,-1.1414030502792676,-0.20888723075964774,-0.7802859476993516,0.6553142515800342,0.0931544058261985,0.03823976648409644,-2.278089550065004,0.37528693809773217,0.1146047863297961,-2.9328149470193585,7.237396953308216,-3.3851099478055158,0.0,-2.1240878867988684,0.727546937009925,0.0,1.0
5.655597351027185e-34,5.398641604902809e-35,-7.847414590676817e-33,-4.0137320521724037e-33,1.4424722181386603e-16,3.8736758511442386e-17,-2.4392004434795576,-2.101646030852862,6.862715220224083,19.292466865185016,0.7616551354493102,1.2792685416160452,0.45276226918593293,1.0,2.167020048633982,1.0,2.300308877026067,5.046009195586073,0.060585992313407444,2.7348896741154034,4.305729384791775,0.0
1.466203314702266e-17,0.0,0.23944917272851138,-0.3565336613128755,-1.3614137844802643,1.5523197117745278,0.8615827243367324,0.0,-1.1086031553437088,0.1663283397757612,0.04173424544922294,-0.28831979164117544,0.0,0.2469107356457535,0.5266402068179077,3.1945409139879257,-0.6234951283102701,1.0,0.0,1.0,1.0,1.5193198700757176
nan,nan,nan,nan,nan,nan,nan,nan,nan,nan,0.2998672150961158,0.9685000406452353,0.5496944415539384,1.0,2.3703865102134754,1.0,1.4557719590461353,4.0800195236469445,1.0,2.8246053597715264,3.629201683504317,1.0
8.477899622545927e-17,0.0,1.384546079481622,-0.2743709454943642,-3.970233708120896,4.0082177121240505,3.8462835210121926,0.0,24.525110332490907,6.253103181207461,0.15310832403970417,0.8236631915076932,0.0,1.6280028339476011,3.5159047293087067,0.782544847434324,1.8754566963056218,1.0,0.0,0.0,5.47519473418234,0.0
nan,nan,nan,nan,nan,nan,nan,nan,nan,nan,0.8644372357250103,2.5231317440654317,0.026214139652403712,1.7556127685156562,0.4741432454494585,0.0,1.0,9.807721582667662,2.0009346320335024,3.942594706240322,8.210515824171122,0.5041977547294789
-0.00791977817078875,0.010412239478972555,-0.0011911535740462063,0.04726545773990497,-0.0,-0.013477044629469493,0.2203214077018525,0.14607586607908768,0.0,1.675513077516878,0.8985833284174727,0.0,0.3651445837687049,0.8555301659888002,2.170683091297994,0.0,3.1725749111999275,5.942193159627326,1.4139712927718278,1.0,1.0,0.9438478045339688
0.03494248696385491,-0.029425471790407765,-0.13543859289271665,-0.8355759442504085,-0.4318525013522774,0.3124701316169417,0.0,1.0187700155064594,3.122421089428095,6.1670148562428215,0.6765749779785978,0.7268428012200847,0.5054816732358001,0.0,1.797974673396863,0.29995294058911864,1.1078573597816341,3.207096288769783,-0.4455679803933784,1.0,2.8576442412916148,0.0
-1.977587999539573e-35,-3.229646296248758e-19,-0.005274412669019938,0.003672446728928439,9.628194158823147e-05,-0.0893592384039437,-0.1395231784935283,-0.47725384665068016,2.6018293034814515,1.0766117216873716,0.2456346556640608,1.1221025702324843,0.7871270838817475,1.3633909353156868,3.0457140979622386,0.009536397842935612,1.6127937014262677,1.0,1.0,0.0,1.0,1.6665105686241655
9.673755698042858e-19,0.015798441974907547,0.00247816495516517,0.03068580625802808,-0.0012166139670147893,-0.24585981353694122,-0.2747627214717348,1.9125301848196878,0.6169410454971161,0.2646312021176493,0.0819888890207719,0.1952532753644879,0.8782376173246396,-0.5321983558453983,-1.089068643623791,4.022373985912464,-1.3058428604491104,-3.9009461220994455,1.0,1.0,1.0,1.2486489190939527
-0.0003464516044893062,0.00012370501336644808,0.00803281934807098,0.02163169174732699,0.0739201898725859,0.19090966021126898,0.11940356528887049,1.4559600837678268,0.5722179888798895,0.9362308875016913,0.34012185866766476,0.23555011450781782,0.8967961017113828,0.3343965495972122,0.7546776597717767,0.8073510185167111,0.7734242269072948,1.0291345598214925,-0.21833067558001096,1.040467668628561,0.9659666498751667,1.0739150489460996
-5.1882552596677996e-18,7.493929685494346e-18,4.5393711313455566e-18,-1.573955572898073e-17,-6.91400462306648e-18,4.018173537570074e-17,0.7328691283696519,4.7199297666478595,1.756576009447291,-0.16800569240900423,-0.0210084132067907,0.22434709213601933,0.9019343771010269,1.0,0.7062333305239346,3.7750537738999235,-1.3655584949568471,-4.294163044618687,-0.6144896747783565,-1.4119350442198007,0.0,0.9318791973287434
7.713691255715053e-68,-1.4168977370903355e-67,-2.6346543791733395e-51,-4.3027171279224156e-35,-1.5053851192739638e-34,-2.556930833694416e-18,3.542399555806612e-17,2.750668799323021e-17,0.7336372341585353,1.3209235609311476,0.6772481113288453,1.0,0.41952446862722403,1.0458721422380544,1.0,-3.177234276649885,1.0,1.0,1.317379826297222,1.0,1.0,0.6047887869585581
-0.000270388015717372,0.0001764553022191098,0.00022741042631419143,-0.004477880611847486,-0.007180395224561458,0.1047367938462031,0.0710241372969945,2.1812068828047555,0.9599158672791448,0.46943610788556017,0.12364962200215346,0.26353257928055723,0.9630241292602653,0.37839185692737326,1.0513800081382032,0.6439057587478212,1.0560008106149243,1.609350617892168,-0.36809421025086786,0.0,1.4655009341465286,1.0
-1.4925444693049874,-0.00219123083388221,-0.46502086933481107,-7.5467159708583695,-4.852761278775396,-3.1587126226822804,-3.8936797529942897,-0.42833391829935813,-11.190202227948394,70.67044661647452,0.8644372357250103,2.5231317440654317,0.026214139652403712,1.7556127685156562,3.787467891100489,-5.642255064616901,4.8699627700889945,9.807721582667662,2.0009346320335024,3.942594706240322,8.210515824171122,0.5041977547294789
-1.0216518586706078e-35,-3.698922659512102e-35,3.4940932132294345e-36,6.292909540007597e-19,0.0,0.010277101192587065,-0.13699842399087664,-0.08875152669562215,0.12875246071941443,1.4892610613023713,0.9115922637143258,1.575446234657072,0.3651445837687049,1.0476675148364216,1.0,0.0,1.0,5.942193159627326,0.8284412432520238,1.0,1.0,0.5611357936206816
0.01613369399535929,-0.009680575065142496,0.004695445363943023,-0.02946925951982672,0.007246254801507673,-0.016136120444730024,-0.21550557405531012,-0.21713124878093312,11.886662869065573,13.242605124838049,0.5342113674815963,1.016516499495169,0.4971427473493641,1.1153010136867314,2.268165304743331,-0.12897282099853152,1.370520354660988,4.155692630009067,-0.3440521455294546,2.9649952682170193,3.6748862242427416,1.300933006589988
-1.9146909001174808e-35,-1.0004694553633065e-35,-3.5280694954933124e-19,-0.005761774738560851,-4.927039474842244e-05,0.008590350592976762,0.00479891149351221,0.05269498736641712,0.8004814602298344,1.0563565268796928,0.5864843930430378,0.9571865780629374,0.8643318741370385,0.2765385671769608,1.3761307640880125,0.005443764186992439,1.0,1.0,0.3065343252542819,0.7495375699431505,1.0,0.6192372129532446
-2.1738516813052003e-31,4.2916909982680164e-32,0.0,0.0,3.6186935604450065e-15,0.0,0.0,59.097750681494155,0.0,-16.78200098983664,-0.17614408062612097,0.0,1.0,0.0,0.0,1.0,0.0,0.0,-2.1240878867988684,0.1295353261114851,-7.249006945079995,1.0
1.6434594078053467e-17,0.0,5.378265687830021e-18,-0.0,-0.28240373877368924,-0.024373307327143667,-0.0,0.8417660451381355,-1.1376505913058248,0.06066219486202028,0.026741199869751486,-0.5779934899162595,1.2067807930953407,0.0,0.05480867230851674,1.0,0.0,-1.7986574995132765,0.0,0.49975027908974495,0.0,0.9411252626239763
-0.0009475606161396011,0.00807220311319748,-0.004430965687671996,0.0,0.00019125548500574223,0.013803875010065454,0.025502119569394948,0.024041608256726677,8.490603979664993,0.0,0.0,0.9970916028101916,0.42556879662168784,0.6322763634973818,1.3761307640880125,-1.9868488833963056,0.0,3.682244011227743,1.0743895761928983,1.4235850402283563,3.0748430637571293,0.5886930404432514
nan,nan,nan,nan,nan,nan,nan,nan,nan,nan,0.453400860020121,0.8159583196765179,0.7590011011475812,0.5553299159980117,1.4204253833753224,1.0,2.2484523278593573,0.0,0.6392893667733858,0.0,0.0,1.0
-3.752303803745208e-05,1.3398084643929033e-05,0.0008700083418287418,0.0023428576509145387,0.008006053545092864,0.0,0.0,1.3477370039450596,0.0,0.7974131274749835,0.34012185866766476,0.0,0.9960382774368002,0.0,0.0,0.8073510185167111,0.7734242269072948,1.0291345598214925,-0.21833067558001096,1.040467668628561,0.9351993348567449,0.7906697740464831
-5.577472235912442e-51,-0.0,-9.108703407048783e-35,-1.4875641553777982e-18,-2.2284989237771423e-20,2.0682691201261992e-17,-0.3386466911396702,-0.3749436745863113,2.6018293034814515,1.0766117216873716,0.2456346556640608,1.1221025702324843,0.5323539679398144,1.0,3.0457140979622386,0.009536397842935612,1.0,1.0,0.0,1.0,1.0,1.6665105686241655
0.00118087480907028,-0.002356920018565409,0.00446688925000208,-0.020517445601796996,-0.06952020721605696,1.1887408724228512,1.1643030236342247,3.134110485895818,-12.590415759526929,3.6271474351292765,0.17219678132445101,-0.8250791837141227,1.3109674703007976,-0.49279500788413266,-1.038869405588476,3.18812180502387,-0.8423661898283954,-3.33941752425343,-0.704311175788658,-0.8894874693126715,-2.7172224825964495,1.0417235559154863
-7.00209460726524e-33,1.805482774456183e-32,-5.702291750014253e-33,-4.000427244764036e-33,1.5931689080326435e-32,-4.2503423883732636e-16,-6.941335887755584,-4.52027190704639,10.968602957729958,5.7598469360522495,0.25262361359431384,1.4117762685075685,0.3674733746681542,1.0,1.0,-0.4193893637447146,1.8754566963056218,6.1823081462331135,-0.7644723832920337,4.161018490013899,1.0,0.0
-9.166904615450162e-34,2.3636767719627022e-33,-7.465246828800661e-34,4.559273063371812e-33,2.6175619464800077e-33,-5.5972469267011465e-33,1.3262772619230196e-16,8.62739267309569e-17,2.583915054663287,1.0827898316027535,0.25262361359431384,1.0,0.36715419852181375,1.0,3.5159047293087067,0.2934859045825876,0.6655640178416241,6.1823081462331135,-0.7644723832920337,1.0,1.0,1.6408837597668975
0.006455410341494958,0.007848718785216658,-0.14037036460917496,-0.0717954971152327,0.060791893540420125,-0.04546046998614779,-2.4251804046930516,-2.0950168584867095,6.841068319924596,19.231613093265253,0.7616551354493102,1.2792685416160452,0.45276226918593293,1.0459325484731818,2.167020048633982,-1.7661605370410092,2.300308877026067,5.046009195586073,0.5618155966308753,2.7348896741154034,4.305729384791775,0.929671023379144
-8.83101154841086e-18,4.279162505582887e-18,-1.8190489916760362e-17,-7.752156054232595e-18,-8.468278690407858e-18,0.38612230285716687,0.0,0.46074128725808605,-1.2273701111809137,0.42765939415001236,0.19306535079502896,-0.7100582976927463,0.5559494524054077,0.0,1.0,2.2331984623382883,0.228438926501002,0.6850515446538745,-0.2872556890672181,0.5866708254657026,0.0,0.9177507886763238
8.437561319131388e-18,6.653464767845887e-17,8.565969553173235e-17,6.111607984559998e-17,-2.0378619136830536,-0.6415017101235027,1.268674396772766,0.8576675407193881,0.9534953858529017,2.199455949607498,0.4243136808362672,0.22152979516519866,0.2115925565715998,0.3411430596336757,2.1941506828838984,1.0,2.3258448469034776,4.577119166704709,0.9196960012214993,2.015293195132854,0.39297164788717653,0.0
-0.37288056819883214,-0.4898665458972826,-0.08290914044289989,0.11217836126530505,-1.8179571634604914,-0.04280459219035879,-22.552376656232763,-16.658323546461233,-23.882072781201764,-0.11433721872987443,-0.0019736496508349632,-1.551584366889563,1.5960875442758324,-0.9457941345860709,-1.9858421763039174,5.212759379166043,-2.1137380688169554,-6.0852221641369075,-1.4141995312937632,-1.7977060426533604,-4.983114713838222,1.232553172578646
-0.08050919549606703,0.14788418816843907,0.0,0.0,0.5891048058816934,0.2800146495263071,9.332817881907664,7.204027850359294,0.0,21.26232424815655,0.6772481113288453,0.0,0.41769627797327924,1.0458721422380544,2.2729042967681385,-3.177234276649885,0.0,0.0,1.317379826297222,2.3885626091989725,4.916437629992938,0.0
2.422155755866625e-34,0.0,3.9556805399777704e-18,9.345842099264632e-18,1.22686451044149e-17,2.8917665906646336e-17,3.350693661207108e-17,0.7681688007191229,0.6959580767101964,0.0,0.0,0.4686273398506964,1.0,0.5047438488351474,0.6795870885515478,0.5600308065041711,0.7451023793951366,1.0,0.0,0.4612610980915044,0.636042440275302,0.6286242089625405
-5.933965983229482e-65,-0.0,-9.690901878583998e-49,-1.582644381274859e-32,-6.07135592938208e-33,0.0,2.768314575633806e-16,4.521000793961515,-9.230650254130591,3.2162868065069543,0.19306535079502896,-0.7100582976927463,1.0,1.0,0.0,2.2331984623382883,1.0,1.0,0.0,-0.9779837506869338,-2.2220866827673023,0.9190706919941519
4.465221460170447e-34,0.0,-3.1450196095425936e-34,-4.9405908746734945e-34,-0.0,9.105348152564256e-33,6.174520658654887e-33,1.8006956498919242e-16,2.9407591660642702,1.110081712297889,0.22978428796483386,1.0,1.0,0.37839185692737326,1.0513800081382032,0.0,0.4681391123846136,1.609350617892168,0.0,1.3234069485260553,1.4655009341465286,1.2301442950306634
0.08508424105024194,8.398964086246092,-0.4118597995905621,-4.6660580769367455,7.553707320278611,-15.846541407565413,-16.539593214577028,-10.067687589520249,1.282384640162227,42.44197457031086,0.6300045098270434,1.9707060036694715,0.23547521108749503,1.5603693350972914,3.4184225158633703,-3.5761415869867728,3.6775112528445613,7.968808675851373,0.9935510550092487,3.724975739441345,6.762430680670961,0.901086546797591
-1.0429613622279008e-32,-0.0,-1.331492697465415e-32,2.0252939402095952e-32,-4.309237188870511e-16,-4.217949737368882e-17,0.0,7.0711505781043575,0.0,0.20993389639200216,0.01889491981974295,0.0,1.0,0.0,-1.9378845143525958,1.0,-1.4429510140009674,-5.423018686614939,0.0,-1.8862023240276227,0.5996724249962768,1.1085804053394837
nan,nan,nan,nan,nan,nan,nan,nan,nan,nan,1.0143743639900258,2.819309437106458,-0.06140354576482432,1.7573477348788962,3.791130933764501,-7.161819571816482,5.742228804262854,10.703905546708917,2.8530903281744546,3.736657549769384,8.866908610110709,0.1356625249710166
1.552408448016066,-0.30648168958728467,-0.0,-0.0,4.044859677480303,41.00312597005104,56.97851665239892,13.278437594376385,0.0,0.0,0.0,0.0,1.8812076182508672,-1.398793261288009,-2.9328149470193585,7.237396953308216,0.0,0.0,-2.1240878867988684,-2.705924615994049,-7.249006945079995,1.0
-0.00794353771571409,-0.0,-0.0010037496808610134,-0.0,-0.0006130403132870555,-0.009063105812467649,0.06719352036047951,0.0,1.3787408456339603,0.7030017477278162,0.2998672150961158,0.9685000406452353,0.0,1.1135056410883641,0.5384250456592106,0.04864843640974448,0.0,4.0800195236469445,0.0,1.0,0.27835031304812463,1.0
6.858138249835219e-36,-5.7753174184193614e-36,-2.6582440894439634e-35,-1.6399792464210193e-34,-2.717193046597194e-18,8.924364873025845e-19,3.574971976061149e-17,6.108487197606618e-17,1.156821772192901,1.313112100081511,0.5402298362485642,1.0,0.6620233406210243,0.9491783149456193,1.797974673396863,1.0,1.1078573597816341,3.207096288769783,-0.4455679803933784,1.0,1.0,0.0
-3.09958216130786e-18,5.693501080988705e-18,-1.3794675129700203e-18,-0.10823841641083719,-0.0,-0.049467208045452904,-1.6487296096673552,-0.7608611541285589,1.6692972301134137,4.424160619199278,0.675904354245175,1.5274297758071382,0.2746215915657771,1.0458721422380544,2.2729042967681385,0.0,1.0,5.866520053265204,1.317379826297222,2.3885626091989725,1.0,0.0
-1.3961542585647583e-18,2.0166089215235933e-18,1.2215401939649013e-18,-0.0,1.0106113438308789e-18,-1.1073822489790774e-17,-7.314753688644754e-18,1.0348772921617604e-16,1.7045914213309223,-0.05627183981012722,-0.0210084132067907,1.0,0.9168800201399034,-0.3618510566074631,-1.1641592148440199,3.7750537738999235,0.0,-4.294163044618687,-0.6144896747783565,0.04665687474003799,0.0,0.0
nan,nan,nan,nan,nan,nan,nan,nan,nan,nan,0.6264993061613838,0.33158303220768515,0.792152231273958,0.33798729479394723,0.550235248831487,0.2234499929348697,0.6029210181370006,1.1804807725457365,-0.025147742630799275,1.3212474855195468,1.0,0.9866090622703466
-0.9597222121159404,1.6401385270281092,9.110970698971332,-2.0515252895125817,-39.239427714512644,-0.8820990981169302,-6.8783370559335575,-13.497127625821681,21.85592552462259,20.891487675380933,0.25961257152456685,1.7014499667826528,0.20259278139649406,1.8926147325795157,3.986095360655174,-0.8483151253323648,2.1381196911849756,7.130904487472398,-0.6629565484281099,4.608743050914492,6.292436717133467,1.6152569509096293
0.002156664263677127,-0.0022154201495283863,-0.0018577668096881135,0.01879341621644932,0.20863996839755694,-0.26655359241053006,-0.4305841703606491,-0.9656904843475359,6.238441640709493,9.142138732477042,0.6141541421278164,1.1121360127175444,0.6713834157303533,0.575370256708978,1.4240884260393343,-2.9417722260818873,3.1207183620332177,4.3444474887497115,1.4914450629143383,1.3350887588540938,3.5699788635862766,0.46472027320408893
-0.027205311421584808,0.7889531196103609,1.0082623428072939,0.7193703113910199,-0.0,-0.4623551456055093,-4.396149877172529,-4.964930357445963,7.617011096554349,8.035798740899928,0.4243136808362672,1.46432930810899,0.5202969891331048,1.2144844751127497,2.1941506828838984,0.0,2.3258448469034776,4.577119166704709,1.0219437365673527,1.0,3.9274634433767677,0.5145184433344548
1.1688473920148728e-18,4.240919222237776e-18,-6.900401991240681e-19,-0.0,-1.565593018378378e-19,-0.0,4.930725574176683e-18,-0.10853127951931196,-3.247219768142539,0.4207648456136828,0.0819888890207719,-1.0212697177785928,1.0,-0.5321983558453983,0.0,4.022373985912464,0.0,-3.9009461220994455,-1.1712092811894395,-0.8327284736827438,0.0,1.0
-2.0217118193144885e-33,-3.301705962440898e-17,-0.0,-0.0,-1.1608617242781472e-18,-0.5395426824363101,-0.0,-0.0,-16.14293751924381,2.091752667827992,0.0819888890207719,-1.0212697177785928,0.0,0.0,1.0,4.022373985912464,0.0,0.0,1.0,-0.8327284736827438,-3.1415201476024146,1.0
-0.00028603287186500194,0.0001866651401528669,0.0002405685664659191,-0.004736974188287065,-0.007595858351036763,0.11079694436263941,0.07513364787597838,2.689027983851247,1.1828743113332918,1.110081712297889,0.22978428796483386,0.26353257928055723,0.9682621725826727,0.37839185692737326,1.0513800081382032,0.6439057587478212,1.0560008106149243,1.609350617892168,-0.36809421025086786,1.3234069485260553,1.4655009341465286,1.2301442950306634
nan,nan,nan,nan,nan,nan,nan,nan,nan,nan,0.1740305872390732,0.05333357676110262,0.0,0.03424196330607121,0.676170928653707,0.795492857072169,0.5766004388477014,0.8358960159591051,1.0,0.5894593785866367,-0.713073517208076,0.48990236146654575
2.597537244997348e-33,4.271754635314424e-34,4.299081621672417e-17,0.0,-3.830730234562925e-18,5.65989829215999e-17,-1.1624274735956326,-0.646423922966883,0.7461733216315559,1.4324514386796081,0.48006738156202783,1.674528310628445,0.32309289650472306,1.0,3.414759473199358,-2.056577079787192,0.0,1.0,0.10376588478082793,1.0,1.0,1.2696217765560533
-1.5700638038347323e-34,-3.591526257100556e-36,-3.601279216678716e-34,6.416244920401606e-18,1.6594869354438271e-18,-1.867929559264211e-18,2.2775085081264166e-16,3.353540023619236e-16,8.67422023723562e-17,6.7711527702459176,1.0,0.13417987004170673,0.62006679365299,1.0192410416943847,1.825105307646779,0.1611234961672834,1.0,2.73820625988842,0.014560159543098916,1.7976742283338774,2.4793782998766076,0.911407235402567
3.7650741777513637e-35,-4.949993945466602e-35,5.662761590872902e-36,1.0198710870983496e-18,2.117692584609863e-18,0.038386260808937755,-0.5117062812926735,-0.3314980739303148,0.48090657514717133,5.562576687770991,0.9115922637143258,1.575446234657072,0.3651445837687049,1.0476675148364216,1.0,-3.28572504424059,1.0,5.942193159627326,1.4139712927718278,2.5289525176444654,1.0,0.0
0.014790922753522884,-0.002863419741531615,0.018958883012742463,0.04542012850678678,0.1005745412745634,0.18579423688963495,0.12684959161463713,1.0337460685558941,0.5079603397907936,1.4929707903116425,0.5744660110531452,0.2835665733577515,0.8479267733248439,0.33619192219557975,0.6521821395037474,0.6988602509260065,0.6881726225221477,0.5725315367433137,-0.12173920910540512,1.180857577074054,0.9345085035437745,1.0
-2.328124294305207e-33,-5.325592190819654e-35,-0.0,-3.8031101404446544e-17,-9.836300936789693e-18,1.1071805918576725e-17,6.413972575707825e-17,6.130877463825372e-17,1.5949838377958365,0.4903546347889881,0.18988095493830015,1.0,0.43204650401586636,0.6392313831771226,1.825105307646779,0.1611234961672834,1.0,0.0,0.014560159543098916,1.0,0.0,0.9106805039788036
3.99527501482876e-50,3.047733951615874e-50,8.206493223466591e-34,1.3402220508280871e-17,0.0,0.2188748709850386,-0.08840830770182219,-0.009725575612379429,-0.2540801772547648,1.6046143972394744,0.8644372357250103,2.5231317440654317,0.026214139652403712,1.7556127685156562,1.0,0.0,1.0,1.0,0.4148626754220315,1.0,1.0,0.8764233369117158
-1.491585563986783e-66,-2.435944086123906e-50,-3.9781985921490264e-34,-0.0,8.17153496072375e-35,-6.632535100293758e-18,-0.10831751824136701,-0.10734956295036244,5.8767592002378874,5.378160831848589,0.47170914882930937,1.016516499495169,0.4971427473493641,1.0,1.0,-0.12897282099853152,0.0,1.0,1.0,2.9649952682170193,1.0,1.300933006589988
-0.004037383700465302,-0.003618744993814434,-0.11627323585063756,-0.08060021967219336,0.08443193667669895,-0.0741941605397064,-2.6032260797203186,-2.6943381233560957,9.867616010797992,11.503405114483206,0.5273109830638298,1.2312520827661115,0.5101828473470262,1.0441371758748144,2.269241254104127,-1.6576697694503042,2.3855604814112144,4.9703360892239505,0.4652241301562695,1.0,4.26004484405335,0.9744526546011927
-3.4492749036989945e-33,-0.0,-5.633093404727819e-17,-3.6161874660236295e-17,-1.0028066007089413e-18,-1.0933226169503605,-1.9368588795474004,-2.462523288930165,17.088073990615168,7.070879221300364,0.2456346556640608,1.1221025702324843,0.5323539679398144,0.6728448861647629,1.0,0.009536397842935612,0.3633177891183219,1.0,0.0,0.0,4.657952751231212,1.0
-4.648727638394029e-18,-9.090457569779706e-19,-1.7966872180566456e-17,3.396700107402393e-17,1.3595060727860301e-17,7.358949626795168e-17,1.341628273679642e-16,2.5872985489773233,3.060415233076444,1.5632415892504434,0.23677324589508686,0.5532062775556414,1.0,0.6430037555592878,0.676170928653707,0.21497999716017102,1.3186638054942785,0.8358960159591051,0.12293789603062222,0.5894593785866367,2.282742917097656,0.8397792239912301
-1.8530836170445504e-17,-0.0,-0.0,-0.0,-0.30263152091439577,3.368256330754977,-0.24826370193189332,4.603486473792897,0.0,1.9971140867565502,0.21393392026560687,0.0,1.404170377225531,0.046651320443375666,-0.9429540816858324,1.0,0.0,0.0,0.0,0.3965738793698569,-1.726950882938155,0.7937780214371613
0.00030188550382380814,-0.0025717416514456693,0.0014116714923193853,-0.002518308178186221,8.012418448892749e-05,0.005782967363970624,0.010683806182999354,0.019071689599158004,5.062821515487147,6.816096574456385,0.5932855726572385,0.9971151266961678,0.6247819622679867,0.6322763634973818,1.3761307640880125,-1.9868488833963056,2.4499313072172297,3.682244011227743,1.0743895761928983,1.4235850402283563,3.0748430637571293,0.5886930404432514
4.070507594352165e-51,3.1051239650768e-51,8.36102467668351e-35,1.3654589523289132e-18,0.0,0.022299636977446868,-0.024677637376773167,-0.047482953735935716,-1.7345384845130836,0.22475621293246034,0.0819888890207719,-1.0212697177785928,1.389001859981125,-0.5321983558453983,1.0,0.0,1.0,1.0,0.4148626754220315,1.0,1.0,0.0
-3.674581610861928e-17,-4.827429356336844e-17,0.0,-1.0955803109238189e-17,-1.006816871955804,-0.02239435028636881,0.0,-0.7411748312697074,-1.062579389493147,0.04711964595274745,0.018275831722264047,-1.551584366889563,1.5960875442758324,0.0,-1.9858421763039174,1.0,-2.1137380688169554,0.0,-1.4141995312937632,0.0,0.0,0.8762842009550764
-0.04100830932563703,0.018251261329487352,-0.05390346658329374,-0.12823076023761165,-0.18959707978139761,0.22369912349613114,0.5217121757196157,1.926088236616704,2.391999158748044,1.2218187015910777,0.23677324589508686,0.5532062775556414,0.8029220613392885,0.6430037555592878,1.5215706394846709,0.5818994880267156,1.3186638054942785,2.557946959131452,-0.26657837538694407,1.7711315094266478,1.0,1.2045174861733954
-1.488740470029308e-16,2.734609064806017e-16,-6.625632123210468e-17,-0.0,-0.0,-3.927694353435825e-16,-9.618968370709304e-16,-17.746637171445833,16.27965243597662,0.0,0.0,1.5274297758071382,1.0,0.6919297185160008,0.5664004985351108,0.0,0.0,5.866520053265204,1.317379826297222,2.3885626091989725,4.916437629992938,0.6047887869585581
0.045412640575677655,0.10191873131113925,0.06704378292225693,0.0,0.164171358482739,-0.26655359241053006,-0.4305841703606491,-0.9656904843475359,6.238441640709493,9.142138732477042,0.6141541421278164,1.1121360127175444,0.6713834157303533,0.575370256708978,1.4240884260393343,0.5732122989120985,0.0,4.3444474887497115,0.7331483076664675,1.3350887588540938,3.5699788635862766,0.46472027320408893
0.018984586797076472,-0.008449327967031363,0.047862602400729225,0.07169260628421531,0.031135746717098345,0.14738225745496486,0.2783275384661959,1.0301081353994264,1.2788585248043556,0.6532614234832733,0.23677324589508686,0.5531737432946593,0.8033815793110124,0.6430037555592878,0.6386267805530882,0.21497999716017102,0.5994706098242906,0.7392392916388026,-0.26657837538694407,0.0,0.7263997707377199,1.2045174861733954
nan,nan,nan,nan,nan,nan,nan,nan,nan,nan,0.13616488947613503,1.0,0.3465542941037071,0.6750911480730827,0.6044965173313188,0.31269551505369336,0.880925158836728,1.0,1.0,-0.1179454724455522,0.30080384852200304,0.7414318588141122
-6.043304961408613e-34,-9.869465980911716e-18,-2.8254528889339794e-17,-2.3391351526217276e-17,-0.0,5.734141323105361e-17,1.123289872084535,2.31496594259126,5.068431160346078,2.491579526534308,0.2629953213842982,0.7009374336551413,0.7123996476852148,1.0,1.3724677214240006,0.0,1.5776652730433691,2.7860600471864894,1.0,1.6295221966992943,2.4184502778175414,0.0
1.7704364126462142e-17,0.0,-7.37752056834e-17,-1.1296817089152228e-16,2.2223710557713567,0.0,0.0,0.0,-1.0814646095768352,0.0,0.0,-0.28831979164117544,0.0,0.0,0.0,1.0,-0.6234951283102701,-0.8500611582739928,0.0,0.92722914777074,0.0,1.5193198700757176
nan,nan,nan,nan,nan,nan,nan,nan,nan,nan,0.1740305872390732,0.05852107969696135,0.0,0.03424196330607121,0.5287572550315957,0.795492857072169,0.0,1.0,0.5124541674481885,-0.5922127522533744,1.0,0.16086738921037866
nan,nan,nan,nan,nan,nan,nan,nan,nan,nan,0.034745287518969936,-0.5779934899162595,0.7649368448000319,0.043723722487680416,0.05644957547144003,3.623466675575576,0.9595435477405383,-1.7986574995132765,-1.4950380524774127,0.5036846565596291,1.0,1.5449466789329858
0.018160012411572887,0.018884811298651768,-0.1449429846023901,0.1878080273295107,0.7172538994134678,-0.20581323582158026,0.04217971487748741,3.427989567745531,0.2953008352925156,0.989483481071923,0.1740305872390732,0.05333357676110262,0.8567618326495494,0.03424196330607121,-0.1692287821772569,0.795492857072169,0.5766004388477014,-0.8861549272132416,0.5124541674481885,-0.5922127522533744,-0.713073517208076,0.47504096180906485
7.010164933858727e-34,-1.807563699731551e-33,0.0,-3.841936239442838e-34,1.530049914377389e-33,2.377603751527285e-33,-6.278126889588679e-34,-5.726310208112694e-17,7.582573819171644e-17,1.5517776085425987,1.0,1.4117762685075685,1.0,0.1146047863297961,3.5159047293087067,-0.4193893637447146,1.8754566963056218,0.0,-0.7644723832920337,0.727546937009925,0.0,1.0
nan,nan,nan,nan,nan,nan,nan,nan,nan,nan,0.2691780134169369,-0.02556774952029911,0.9954402021493494,0.17754227043220383,1.0,0.7684355722688105,0.8810326765504721,0.0402554073030128,1.0,0.0,1.0,1.0
nan,nan,nan,nan,nan,nan,nan,nan,nan,nan,0.21393392026560687,1.0,1.0,1.0,-0.9429540816858324,1.2782751196527067,0.49920791980358115,0.0,0.12979979765422173,-1.0664800320611965,-1.726950882938155,0.6034851381375621
-1.638569589054117e-05,-1.8851406294134915e-05,-0.00030016364024747157,-0.00020832233926934367,-0.0,0.0681238552922019,0.2426590518787574,2.037844179384126,0.48789653755775575,0.7185854564897852,0.20891571849425591,0.14851169325918073,0.9216607191203061,0.8257587025958832,1.0034223461868814,0.0,0.38521375579893613,0.9471471403701999,0.5444748678679986,0.0,1.0,1.3541170622698258
nan,nan,nan,nan,nan,nan,nan,nan,nan,nan,0.21590467642450892,0.438185391534265,0.756780125848646,0.6999098623476916,1.473612977533349,1.1699033398457526,0.0,1.0,0.4039056004029772,1.0,1.0,0.47649888696232684
-0.5788648059288659,3.8475375984695024,29.821080958358824,-2.834509539031102,-0.2404468616054294,-5.3399905285480465,-8.65262379348074,-3.548988277589539,-13.900789461368486,54.507003944803984,0.6369934677572964,2.2603797019445553,0.07059461781583487,1.824981233729206,3.8886131472098375,-4.005067348574423,3.940174247723915,8.917405017090658,1.0950668898731726,4.172700300341938,7.5796726636220875,0.8754597379403231
-0.11829913284883098,0.05265050971818419,-0.15549856746625412,-0.36991497552844227,-0.14805594834511437,0.41758087280058126,0.9738841274067628,3.6044078430274387,4.4752636693781085,2.285937612394135,0.23677324589508686,0.5532062775556414,0.8033815793110124,0.6430037555592878,1.5215706394846709,0.21497999716017102,1.3186638054942785,2.557946959131452,-0.26657837538694407,1.7711315094266478,2.282742917097656,1.2045174861733954
-0.05130812267186187,-0.018675693461326567,-0.15631390713035537,-0.12940911400232732,0.18958739096210744,0.42725217062770837,0.7816449829519441,1.9262547954957168,4.217379464912657,3.9548606377752415,0.44334844439222293,0.7009374336551413,0.7123996476852148,0.6305413971341419,1.3724677214240006,-0.467284376196725,1.5776652730433691,2.7860600471864894,0.22223388005194594,1.6295221966992943,2.4184502778175414,0.9572282702017139
-1.1076800057842517,-0.0,-0.3261704137366137,-0.22882396530213414,0.9112907312818878,1.416089920379841,1.358879111918829,0.0,0.7801285588136755,1.0827898316027535,0.25262361359431384,0.1952532753644879,0.0,1.6280028339476011,3.5159047293087067,-0.4193893637447146,1.8754566963056218,6.1823081462331135,0.0,1.0,1.0,1.6408837597668975
1.2444027638733848e-18,4.52951372030458e-19,3.7911630349230855e-18,-0.0655829314198086,-0.0,0.09900202940552542,0.18112123215944922,0.9375705601805625,1.8954380142500897,1.7850903642801448,0.44469220147589084,0.7009374336551413,0.8554743336579539,0.6305413971341419,1.3724677214240006,0.0,1.0,2.7860600471864894,0.22223388005194594,1.6295221966992943,0.0,1.0
0.008465146558923659,-0.039617728764329216,-0.10535015669214631,0.07858941293626744,0.0020604087204801895,-1.9122646575861988,-2.9857600390592633,-3.9286165413281804,27.261667104125575,11.280613342992067,0.2456346556640608,1.1221025702324843,0.5323539679398144,1.3633909353156868,3.0457140979622386,0.009536397842935612,1.6127937014262677,5.233711804993829,-0.8659882181559575,3.7132939291133074,4.657952751231212,1.6665105686241655
-0.10218789525431451,-0.10379338893267091,0.04766605680638508,0.8478758850262599,0.5787195626332647,-0.09227597812001613,0.028980840358387074,3.095670444254223,-4.183812511486905,0.28998293545680903,0.034745287518969936,-0.5779934899162595,1.2067807930953407,-0.01770116298616109,0.05644957547144003,3.623466675575576,-0.8861581231896238,-1.7986574995132765,-1.4950380524774127,0.5036846565596291,-1.2955270969243915,1.5449466789329858
nan,nan,nan,nan,nan,nan,nan,nan,nan,nan,0.19468803365820198,0.0,1.0,-0.07919922914346023,-0.14209587290834969,1.9977364117702905,0.0,-1.155141482215969,-0.46132092568433447,1.0,0.0,0.92383132407109
3.063822789295091,-7.900035032830059,2.4950835992383875,1.7504191026936153,-6.971038641154836,-10.832566617276587,-10.394924992289999,-12.271154124393961,29.77639845376816,15.636220771373637,0.25262361359431384,1.4117762685075685,0.3674733746681542,1.6280028339476011,3.5159047293087067,-0.4193893637447146,1.8754566963056218,6.1823081462331135,-0.7644723832920337,4.161018490013899,5.47519473418234,1.6408837597668975
-7.0964777436686835e-50,-1.1589427659647708e-33,-0.0,-1.8926971707624957e-17,-0.30910090518838007,0.335848498651299,0.8876542194158747,2.484210713212439,1.6860739618041563,1.116144208320267,0.21590467642450892,0.35780009564141946,0.756780125848646,0.6976371959087537,1.473612977533349,1.0,1.0,0.0,1.0,0.3965738793698569,1.7876071172685086,1.328490253412558
0.043018952036346175,-1.2475481675433318,-1.5943353374322184,-1.137518936745145,0.34921206739265576,-0.7393267164691345,-7.029641790921654,-2.5709883467650467,8.816088569545958,9.300802181956511,0.4243136808362672,1.46432930810899,0.2115925565715998,1.2144844751127497,2.1941506828838984,-1.9049899814628444,2.3258448469034776,4.577119166704709,1.0219437365673527,2.015293195132854,3.9274634433767677,0.5145184433344548
1.561985122835002e-48,0.0,2.5509152907148687e-32,4.165960818239047e-16,-3.712111903617364e-17,-6.830486396467884,-0.0,-3.798421761762881,4.384554596809684,10.247877489568117,0.5425696002143147,1.674528310628445,0.32309289650472306,0.0,1.0,-2.056577079787192,1.0,1.0,0.0,3.930912895912283,0.0,1.2696217765560533
2.168413325630318e-17,1.1330451817381016e-17,0.399558639324401,0.05612108742851122,0.0034502657112943,-0.09158770843004037,0.5583644102881662,1.0409061186410409,0.7701512959005585,0.6440624908592543,0.2629604996246032,0.35117529604650766,0.6252336471181096,0.5940088510919288,-0.14209587290834969,0.005443764186992439,0.08883698811187601,1.0,0.3065343252542819,0.0,1.0,0.8232561714370221
0.022050066090889008,0.0,-0.02156621276930618,0.0,-0.4579401098026892,0.0683689668674501,-0.0,1.9264299430152925,-0.5748229562572127,0.959139467918037,0.2770278894666358,-0.179743648581776,1.1504832394684568,0.0,-0.0941382109570279,1.0428130690847088,0.0,-0.49293800469400084,0.0,1.0,-0.38049211653149406,1.0
-0.010046554654900623,0.00039706536793438006,0.034510166474884536,0.04995444562372302,0.08206617595435584,0.12019388813973367,0.0927770965954605,0.5398770591709022,0.32707577134109955,2.122412494342778,0.8088101634386256,0.33158303220768515,0.7916927133022341,0.33798729479394723,0.550235248831487,0.5903694833353017,0.6029210181370006,1.1804807725457365,-0.025147742630799275,1.3212474855195468,1.0573357313520169,0.9866090622703466
-1.2276090473314916e-32,-0.0,-0.0,-2.0048377184118732e-16,-4.1629084531715527e-16,-7.545877563556474,-0.0,-14.819289762412124,13.091019278502419,0.0,0.0,1.575446234657072,0.7001680809094178,0.0,1.0,-3.28572504424059,1.0,0.0,0.0,0.0,4.962122170731362,0.5611357936206816
0.0037760368481740505,0.0320684992130044,-0.00909178763207763,-0.04755656818017496,-0.0079208436025411,0.18955026321396112,0.2183617374972819,0.5053303303725265,-13.919796951984454,7.55505742421011,0.3163330414062523,-0.9732532589286591,1.3364501657765506,-0.5304029832470308,-1.191289849093936,3.9138832183217587,-1.3910944648342576,-3.8252730157373236,-1.0746178147148338,-0.6923385652372509,-3.0958356068639894,1.2049959257560763
2.1613637869852525e-19,2.953543116988412e-19,0.005977079740399817,-0.013942623838130115,0.0,0.026851135928020957,-0.4272607183436007,-0.32980372629779237,0.49593373174452154,1.3209235609311476,0.6772481113288453,1.5274297758071382,0.41769627797327924,1.0458721422380544,0.67261499112303,0.0,3.2578265155850747,1.0,0.5978203085959085,0.0,1.0,0.6047887869585581
-0.0856220140699532,-0.0,-0.9338555637774759,-2.6291841737154544,-9.513729011423658,-20.75519223151379,-12.053611976929629,-10.068804141674425,1.282526862427243,42.44668157752702,0.6300045098270434,1.9707060036694715,0.23547521108749503,0.30728760025561025,0.7162901697797265,0.818308896089635,0.781886592013803,0.9417932558572328,0.0,3.724975739441345,6.762430680670961,0.9080466651345916
0.011374680419733513,-0.0007921812168417348,-0.011152028791548755,0.02481344489463087,-0.4379548750394602,0.06538523640987097,0.0963520933711288,1.8852795775241358,-0.5625441942765577,0.938651341783513,0.2770278894666358,-0.179743648581776,1.1504832394684568,-0.13610533593186402,-0.0941382109570279,1.0428130690847088,0.636316073355438,-0.49293800469400084,-0.044265438962894615,-0.013006181716317622,-0.38049211653149406,0.9338465351916304
-5.257916332962717e-50,-8.586829013268942e-34,8.39840482792599e-34,-1.96156361748664e-17,-0.0,-0.0,-0.32034764943694083,1.3298960146495147,-0.3968245829168214,0.6481098196290136,0.27185397873403144,-0.179743648581776,1.1504832394684568,1.0,0.0,0.0,1.0,-0.49293800469400084,1.0,0.24533923315365094,0.0,1.0
0.022359365111739252,0.0551242183403938,0.12219858125899183,0.0,0.1136095304617354,0.2264255131418407,0.2934509250467735,0.6061223760381111,0.7715422279702844,0.0,0.0,0.51664379870063,0.6208025196111254,0.5065392214335149,0.5773658830814029,0.4432572528844678,0.0,0.7115907436643734,0.7546849867492882,0.6628225345126002,0.67906978993701,0.5714564822256576
-1.2929455207934545e-17,-5.503051961784571e-17,1.1264754993478264e-16,5.401743050856946e-17,0.0,2.2393983641020974,-0.8974506555456083,-9.550741634812663,-33.76968315052671,73.77361415129258,0.7167447544994541,2.819309437106458,0.8424837733776922,1.7573477348788962,1.0,0.0,5.742228804262854,10.703905546708917,2.8530903281744546,3.736657549769384,8.866908610110709,0.0
6.726219488113616,0.0,-32.248881598298134,7.261509046986094,-0.0,0.7369067503986491,-0.0,-11.115486651229238,17.999329572495842,32.942534498248975,0.43996569453249285,1.7014499667826528,0.20259278139649406,0.0,3.986095360655174,0.0,2.1381196911849756,7.130904487472398,0.0,4.608743050914492,6.292436717133467,1.0
nan,nan,nan,nan,nan,nan,nan,nan,nan,nan,1.0,0.41838642545669646,1.1504832394684568,-0.13610533593186402,-0.0941382109570279,1.0428130690847088,0.636316073355438,1.0,0.0,-0.013006181716317622,1.0,0.9338465351916304
-0.0359515670492446,0.029802995269866534,-0.005900825554681774,0.054110297042983826,-0.002308190691306074,0.04719672851948902,0.47659193939429717,0.5664550781644817,15.049205777484614,7.673391266378714,0.2998672150961158,0.9685000406452353,0.5496944415539384,1.1135056410883641,2.3703865102134754,-0.020482053407826828,1.4557719590461353,4.0800195236469445,-0.44064361200406044,2.8246053597715264,3.629201683504317,1.3445859999278644
nan,nan,nan,nan,nan,nan,nan,nan,nan,nan,0.47146870882558256,0.51664379870063,0.9540459622255326,0.49316075478164273,0.0,0.4515400389134664,0.6159121844773432,0.0,0.43498039730567806,0.0,0.5399152691333754,0.5714564822256576
3.5133211628435125e-06,-1.6442692860973923e-05,-4.3723866142071796e-05,-0.0007361616093628073,-4.243047885791791e-05,0.010271895556838382,-0.0,-2.088435071970293,10.75498933089543,4.45031023548359,0.2456346556640608,1.1221025702324843,0.9968607430486526,0.0,3.0457140979622386,0.036578767279534796,0.9595435477405383,5.233711804993829,-0.8659882181559575,3.7132939291133074,1.0,1.0
-0.02825906162578951,0.05210535989925355,0.009794960699748608,0.09731000067054135,-0.41828743866460394,0.4711637152354859,1.2563028903516886,3.509499938997585,3.110779678924025,1.727570663552994,0.21590467642450892,0.438185391534265,0.756780125848646,0.6999098623476916,1.473612977533349,1.1699033398457526,0.6478767506782902,1.8957434816094838,-0.683633862108384,1.8596277908009102,1.7876071172685086,1.328490253412558
-3.895990476582048e-18,1.823362335137915e-17,4.848624939001838e-17,-3.6169911794037863e-17,-1.0337587644285102,14.371490741951202,22.439269893316965,0.0,0.0,10.832208359406225,0.2456346556640608,0.0,0.0,1.3633909353156868,3.0457140979622386,1.0,1.6127937014262677,5.233711804993829,-0.8659882181559575,3.7132939291133074,4.657952751231212,0.911407235402567
-0.7058675084413347,2.9651932792718587,21.79394946358145,-0.07961737954772474,-4.294376679993697,-7.921116108325873,-9.680469488791566,-4.640295843608849,-9.716297574284054,57.86182132062852,0.7145001074599948,2.2269540510244052,0.11383182506963174,1.7538778021524166,3.7838048484364775,-4.12269055741732,3.9976967359151336,8.911537618626408,1.1487789358925498,4.14853186271126,7.554123038231532,0.8727329844879412
-5.2591428276535095e-18,-0.0,-8.249562501415875e-19,-1.0214997032555038e-17,0.18811808543074596,1.3357928949597022,-0.8010537631256273,2.2397621728085166,0.9919403974972877,0.37672048457589574,0.0819888890207719,0.22152979516519866,1.389001859981125,0.3411430596336757,-1.089068643623791,1.0,-1.3058428604491104,-3.9009461220994455,0.0,-0.8327284736827438,0.39297164788717653,0.8815836812142037
0.04360726000981232,0.0,-0.042650368655659326,0.09489776184714466,0.151598894288518,-0.02814835727018178,0.03054917420383277,0.5923142701313657,0.3524429662602112,2.173586708825813,0.7974494142170235,0.3277022371497058,0.7990048047746829,0.1009409794310416,-0.0941382109570279,0.5927293069903838,0.636316073355438,-0.49293800469400084,0.0,-0.013006181716317622,-0.38049211653149406,0.0
-7.717415184311579e-05,-0.000655411831810378,0.00018581677760443814,0.0009719549785773546,-0.00014517555985592187,-0.003867100392081276,-0.0044548962706430694,0.06713812618722012,-1.6034724915423446,0.8182763227585164,0.3001715050249559,-0.9732532589286591,0.9430723036652445,-0.5304029832470308,-1.191289849093936,0.07731998347406144,-1.3910944648342576,-3.8252730157373236,-1.0746178147148338,1.0,0.2666830383201637,1.2049959257560763
2.4402151484413116e-65,-2.0228804053752967e-65,5.176434883776026e-49,8.453759708317634e-33,1.3806037323093436e-16,2.2546970004258755,11.06451168255852,0.0,0.0,0.0,0.0,0.0,0.0,0.8720235191112531,1.0,1.0,1.0,1.0,-0.44064361200406044,1.0,3.629201683504317,0.0
nan,nan,nan,nan,nan,nan,nan,nan,nan,nan,0.4243136808362672,1.0,0.2115925565715998,1.0,1.0,-1.9049899814628444,2.3258448469034776,1.0,0.9510607142557767,2.015293195132854,3.9274634433767677,0.9423656260597937
1.7639510042343083e-17,0.0,-1.7252439296618292e-17,7.425545093249694e-17,4.1699693040552796e-17,1.4480142315569378,-0.314380953480387,0.0,-0.42984097745683847,0.7172250897767583,0.2770278894666358,-0.179743648581776,0.0,-0.13610533593186402,1.0,0.3117118526699971,0.7957690047313166,-0.49293800469400084,0.0,-0.013006181716317622,1.0,0.9338465351916304
0.5832715321474752,0.10754332075600184,-0.31785603903822723,-0.9383461320476618,0.5165688109641436,-0.6328030025801474,-2.959172232069775,-1.3947440233078807,10.877306434603225,3.6570156500343827,0.19686991286855315,1.2015772659881139,0.25597303473503097,1.2838529403262993,2.295295938993246,-0.2678022654203668,1.3960563245383988,3.686802601127704,0.11607599440702271,2.24539878923447,3.296620282827735,0.8857804265452989
-0.0896152234572288,0.07546601455584717,0.3473524875137975,-0.0,-0.0,0.12039924158667804,1.61485536938418,2.7147002054850455,6.955554322428717,8.332725017538936,0.5272224095513431,0.7268428012200847,0.6505559345555051,0.850689115054817,1.797974673396863,0.0,0.0,3.207096288769783,-0.4455679803933784,2.5172707073164267,2.8576442412916148,1.326559815447256
-1.223691541071053e-17,-4.842539567291155e-18,-0.2149232598130122,0.6866689530724519,0.5374839630628067,0.0,3.726249394368972,7.968471031709348,0.0,4.381530515379915,0.2928782571658628,0.0,0.7145750348255986,0.8494326171972512,0.0,0.40844370817982334,1.1931089641667811,1.0,0.23989214484968424,2.376880798870934,2.8119597005531896,0.5242642219871448
-6.435244161457208e-35,6.610565131783337e-35,1.5066569722803201e-18,-7.8500371241685e-18,0.0,-1.0169389626821258e-17,-1.6427383911581608e-17,-0.34146294954250006,1.9184667711550991,0.0,0.0,1.1121360127175444,1.0,0.575370256708978,1.4240884260393343,0.0,3.1207183620332177,1.0,1.4914450629143383,1.3350887588540938,0.0,0.46472027320408893
nan,nan,nan,nan,nan,nan,nan,nan,nan,nan,0.47146870882558256,0.51664379870063,0.550523000687901,0.5065392214335149,0.5773658830814029,0.4515400389134664,0.6284569880144112,0.7115907436643734,0.43498039730567806,0.6016510065369973,0.67906978993701,0.5714564822256576
-1.1626333799692426e-17,-0.0,-9.265408746736064e-17,8.447224289570619e-17,2.0564079340911214,-0.8303641987919291,-0.2709806466847042,0.0,0.029454381013916606,2.1687292541313044,0.4905034723815383,0.0083922517636692,0.0,-0.07740385654509274,-0.24431707837849448,1.0,0.4681391123846135,-1.0794683758538466,0.0,0.21588000810343755,-0.8299433756222161,1.0141663090929165
0.00011776608856556368,-0.026251011070267342,0.033513591711324266,-0.05097652757450935,0.02847252054318143,0.007072973218890462,-17.11774238440654,-10.762194455201092,-24.712147506205167,0.947968857556521,0.01889491981974295,-1.4365634808681866,1.6426889977381989,-1.0027002413744746,-1.9378845143525958,4.2578360364804615,-1.4429510140009674,-5.423018686614939,-0.9971440445723233,-1.8862023240276227,-4.487978914009076,1.1085804053394837
-2.573933611599942e-19,2.1337298356533082e-19,-4.224665147580103e-20,3.8739983740296925e-19,0.008385463833303738,0.005515510884961212,0.05569555585465143,0.06706479260519872,1.7720364850969854,0.9610156297709656,0.3160287514774122,0.9685000406452353,0.553784718567233,1.1135056410883641,2.3703865102134754,1.0,1.4557719590461353,4.0800195236469445,-0.44064361200406044,1.0,0.2666830383201637,1.3445859999278644
-2.728185665483615,-1.094622772640185,-0.09802449972604248,27.468470843911494,26.39511553194025,-6.9811587002962225,-11.069831218676185,-10.248937101846165,2.3454977520477103,40.07010586721662,0.48705633949228083,1.964202008903529,0.1582123032330629,1.823246267365966,3.884950104545826,-2.485502841374842,3.0679082135500546,8.021221053049402,0.24291119373221998,4.378637456812876,6.923279877682499,1.2439949676987854
nan,nan,nan,nan,nan,nan,nan,nan,nan,nan,0.13412725421253952,0.7017045651935749,0.309353288073568,0.6750911480730827,0.6044965173313188,0.31271059449163113,0.6539929578918218,0.24270071478301025,0.8951085372421553,-0.1179454724455522,0.30080384852200304,0.15630390218096846
-1.0467119634034302e-66,-1.709410360819449e-50,-2.791678975537448e-34,-4.5591577546785305e-18,-6.830010062356571e-20,-0.07446505108655894,-0.32781062020153834,-0.37639518367539765,2.5988403157428337,1.0840773481108095,0.247428890377555,1.1221025702324843,0.5359074574065826,0.8577993744034687,1.0,0.009536397842935612,1.0,1.0,1.0,1.0,1.0,1.6665105686241655
-0.08674935404118436,0.12530099752422658,-0.0,-0.0,0.0562087406399232,-0.615909983616176,1.7524708190460825,9.66356569045527,18.19670095955937,-0.6829410517923902,-0.0210084132067907,0.6843659779186434,0.8786518968916209,0.7780593277004504,-1.1641592148440199,3.7750537738999235,0.0,0.0,-0.6144896747783565,-1.4119350442198007,-3.4741015482789956,0.0
nan,nan,nan,nan,nan,nan,nan,nan,nan,nan,0.5342113674815963,0.8566353473201307,0.5134325630884978,0.0,0.0,1.0,0.0,0.0,-0.3440521455294546,0.1295353261114851,3.6748862242427416,1.0
nan,nan,nan,nan,nan,nan,nan,nan,nan,nan,0.5273109830638298,0.10499118249375938,0.5119475866311545,0.255969410014708,0.590086305240168,-1.6576697694503042,2.3855604814112144,0.5346949835622525,0.0,2.5944997656699105,0.5592623482254675,1.0
-8.677673544922917e-33,-0.0,-2.555250934961867e-33,1.477334829668468e-16,7.873019631384848e-17,2.7338917003901293,-1.8081338822538928,-8.239939718353432,11.74258886804637,6.1662834158176025,0.25262361359431384,1.4117762685075685,0.7589783070683055,1.6280028339476011,1.0,0.3117118526799394,1.0,6.1823081462331135,0.0,4.161018490013899,1.0,1.6408837597668975
-2.542872370747054e-18,-0.041528257331297495,-0.04632065931795059,-0.11937451641716053,0.004732895161936887,0.1794482110735699,0.09541410205082994,2.930698855727067,0.4894454191236956,0.38608895353973616,0.0819888890207719,0.10499118249375938,0.9471579116858161,0.2559694104965234,0.590086305240168,4.022373985912464,-1.3058428604491104,0.5346949835622525,1.0,-0.8327284736827438,0.5592623482254675,0.9759139138450478
-0.02146784937907229,-0.013837794746980742,-0.2549687192887412,0.8895084351385638,0.0,0.0,0.2677961327116662,0.7578313052283849,0.5549442343634065,0.0,0.0,0.27060994352072737,0.4242492360147472,0.17927723679544372,0.0,0.0,1.1785594282286693,0.9364393713442665,0.3645012206877932,0.5153664668876676,0.8089508325153565,1.0
