obj_0,obj_1,obj_2,obj_3,obj_4,obj_5,obj_6,obj_7,obj_8,obj_9,var_0,var_1,var_2,var_3,var_4,var_5,var_6,var_7,var_8,var_9
1.1808084861783672e-17,1.138287533540612e-17,2.4327451007324632e-17,0.47915577715264446,0.0,0.02029794772385844,0.6144988784207372,0.0,0.5978070427081927,0.20988510849532152,0.13400476481686996,0.41650221233320894,0.0,0.578108335460277,0.02695230674918786,0.0,1.0,0.6223630999509319,0.48832879442424976,0.4328589737894328
3.752767395211137e-33,6.128734256806059e-17,1.000898260800277,0.0,0.0,0.0,0.0,0.1299322614213491,0.22456341426571474,0.0,0.0,0.13937442274862688,0.0821836124586755,0.0,0.0,0.0,0.0,1.0,1.0,0.3156714737894328
9.815589641011443e-18,1.1962152205174802e-17,3.962477212135347e-17,0.6947136176371103,0.0,0.5483581291110712,0.0,0.0,0.0,0.4708417186849415,0.31125085856686996,0.0,0.0,0.0,0.42538980674918786,0.0,1.0,0.7629880999509319,0.5625475444242498,0.5500464737894328
1.7207794375599862e-05,0.020649801936658854,0.0,0.3256144767807136,0.0,0.05357543403796087,0.15699065171191273,0.27841095965345874,0.7622613034357316,0.5804693442068718,0.36784347131056017,0.6544172513957089,0.4139837096483173,0.28220989796027696,0.10361246299918786,0.0,0.9596808609132506,0.0,0.9994694951730667,0.24947265873918614
2.9758906768897026e-17,0.0,0.0,0.4859998293322832,0.0,0.0,0.3467411053087262,0.6103107665669877,0.0,0.6125635640386312,0.39621179606686996,0.0,0.5070112910105697,0.39451458546027696,0.0,0.0,1.0,0.0,0.0,0.2746558487894328
3.2647533295457688e-18,1.7542239261369278e-17,0.29140568244670795,0.0,0.0,0.5524974535773959,0.0,0.08475706768621201,0.22848048083521846,0.7912189316705522,0.55246179606687,0.22137281780195894,0.08585870964831732,0.0,0.6910148067491879,0.0,0.0,1.0,0.8828600444242498,0.6926245987894328
0.07522826294474595,0.0,0.0,0.0,0.0,0.03219299008718529,0.09139841149810737,0.32083500831302714,0.939203127769013,0.0,0.0,0.7767927396769589,0.7674993346483173,0.535139585460277,0.25742105674918786,0.0,0.0,0.0,0.0,0.4934058487894328
9.645755298074341e-18,0.15752713851520442,0.0,0.0,0.0,0.02326796149579168,0.06367506473468666,0.8480116565104723,0.5776109104772486,0.19322291423809698,0.11691492106686996,0.37475416545820894,0.8729680846483173,0.24217083546027696,0.09335855674918786,0.0,0.0,0.0,1.0,0.2590308487894328
8.666793265918524e-18,7.856302580068015e-18,1.8809179567978995e-17,0.36173604175454616,0.0,0.0,0.5559963879007287,0.0,0.11489749445752202,0.7455533345274411,0.53244226481687,0.10919020061445894,0.0,0.632795835460277,0.0,0.0,1.0,0.6458005999509319,0.46879754442424976,0.4328589737894328
0.02388899441028891,0.0,0.0,0.9035439555724892,0.37739342446755264,0.03445038028490078,0.0,0.0,0.007620666811959229,0.20234713995337425,0.12961023356686996,0.004949926014376216,0.0,0.0,0.022381952918954562,0.2518029286023271,0.9831721922324025,0.0,0.0,0.4719214737894328
2.7440246857499297e-17,0.4481332393405881,0.0,0.0,0.006450618386543609,0.0,0.04412999841034339,0.2623954188938749,0.3023664078867385,0.8021431406839356,0.589846354133682,0.33465406780195894,0.3358587096483173,0.062483335460276956,0.0,0.009163140012768356,0.0,0.0,1.0,0.4429373870172433
1.2974181225709058e-18,0.02118844590087883,0.0,0.0,0.0,0.0,1.0460818709392739,0.08997120954035374,0.0,0.6779889014625086,0.36496179606686996,0.0,0.05460870964831732,0.9871069944535102,0.0,0.0,0.0,0.0,1.0,1.0
9.259933467909908e-37,4.529714280851288e-33,7.397584966790115e-17,1.2581338755783247e-17,0.0,0.0,0.0,1.2254651681577546,0.24644496674123006,0.0,0.0,0.12634107952070894,1.0,0.0,0.0,0.0,0.10724603949734918,1.0,0.9998698580906245,1.0
3.629350042407783e-17,0.0,0.5927178423909126,0.0,0.0,0.0,0.11033935519516534,0.12369710787582645,0.7775080566089966,0.15599831071665787,0.09933679606686996,0.5737287748332089,0.12882745964831732,0.11717083546027696,0.0,0.0,0.0,1.0,0.0,0.5617652237894328
4.4651541462741274e-18,0.0729215011117155,0.6066652744656645,0.0,0.0,0.0,0.04503937932627403,0.3289741963078212,0.6773866529731322,0.34694712367847574,0.2185098466061548,0.49163648967695894,0.3136986315712822,0.046840741225787734,0.0,0.0,0.0,0.9238433240994652,1.0,0.32410151837034307
3.286886516927546e-18,4.667760714192153e-18,8.933269162059247e-18,1.5121784050561125e-17,1.4314594203379323e-17,0.38159605850927264,0.6366167690104498,0.0,0.1373794951439355,0.7027585824050299,0.47726648356686996,0.11651441936445894,0.0,0.656233335460277,1.0,0.4197723168867336,0.6107366970470236,0.6379880999509319,0.6094225444242498,0.6769995987894328
2.1453428757563394e-18,1.0137540996360852e-17,0.16922523954883747,0.0,0.4506972640751217,0.0,0.0,0.8029753404369491,0.0,0.35739022077991844,0.23214929606686996,0.0,0.6561712096483173,0.0,0.0,0.7713348168867336,0.0,1.0,0.8672350444242498,0.5461402237894328
2.0975784921995118e-33,3.4256056418224874e-17,0.0,0.0,0.5594438566625949,0.0,0.0,0.9462306455593512,0.0,0.3954183919221074,0.2198294774753683,0.0,0.6600774596483173,0.0,0.0,1.0,0.0,0.0,1.0,0.08988102660201307
5.708652173873419e-17,0.9322936503566588,0.11206221177041507,0.0,0.0,0.0,0.001147135146609713,0.3632260741684232,0.2782029937438934,0.5932504828420967,0.32882898356686996,0.17162916545820894,0.23497191272535248,0.0007777263878501507,0.0,0.0,0.0,0.07615667590053476,1.0,0.05138854984263841
1.7198215976586035e-17,0.28086818156157517,0.0,0.0,0.0,0.046120388353606066,0.13514533208837642,0.23966994970156638,0.6561923010548504,0.7364644765359899,0.48733728434811996,0.6544172513957089,0.4139837096483173,0.28220989796027696,0.10361246299918786,0.0,0.0,0.0,1.0,0.24926522378943278
2.0612042680639546e-33,3.366202025758031e-17,0.5497425099386554,0.0,0.0,0.0,0.02699269259717996,0.28978249500520326,0.7680967670491429,0.3361646935778959,0.20871179606686996,0.5666486967082089,0.3085149596483173,0.031233335460276956,0.0,0.0,0.0,1.0,1.0,0.2902808487894328
2.240374331458631e-18,1.8175648063750418e-17,0.2990773262915486,0.0,0.0,0.7334642048976293,0.602632483209982,0.0,0.045066970612172484,0.3235838508179335,0.19992273356686996,0.028806899833208943,0.0,0.41404583546027696,0.7535148067491879,0.0,0.0,1.0,0.9219225444242498,0.7180152237894328
0.14047858698986712,0.0,0.0,0.0,0.0,0.0,0.22796896132999803,0.35185393102493917,0.8971834913650379,0.0,0.0,0.7084943998332089,0.5858587096483173,0.648420835460277,0.0,0.0,0.0,0.0,0.0,0.5148902237894328
4.7997020559258314e-18,9.537143759425111e-18,1.1974255662468728e-17,3.016933904591478e-17,0.5580329925113152,0.7051857732081946,0.4118677939371321,0.0,0.0,0.33979991019416184,0.21066492106686996,0.0,0.0,0.27342083546027696,0.5738273067491879,1.0,0.6888616970470236,0.5364255999509319,0.7031725444242498,0.7141089737894328
0.2564093123231657,0.0,0.0,0.0,0.12409880077735584,0.0,0.1433780369057698,0.0,0.9500309803036666,0.0,0.0,0.7938215482707089,0.0,0.29685833546027696,0.0,0.2869598168867336,0.0,0.0,0.0,0.5461402237894328
3.866846582956083e-18,3.1393266125201048e-18,7.51145056045581e-18,0.1471894690197438,0.0,0.0,0.0,0.0626062818913409,0.08206287007950962,0.9925258321701721,0.885927372238745,0.3017790067668027,0.2560247252733173,0.0,0.0,0.0,1.0,0.6272459124509319,0.43412957567424976,0.4068579972269328
2.95242697162281e-33,4.821679154640186e-17,0.0,0.7874399635874159,0.0,0.0,0.5839733294589846,0.0,0.0,0.44670835647913026,0.27218835856686996,0.0,0.0,0.40623333546027696,0.0,0.0,1.0,0.0,1.0,0.22192147378943278
0.023135082087930255,0.0,0.0,0.0,0.4645610928117001,0.0,0.3295580006471836,0.22586122230824082,0.8065367790366086,0.7321368830693442,0.39836810240741233,0.5861799467082089,0.24015558464831732,0.39242528189686443,0.0,0.9683225876666326,0.0,0.0,0.0,1.0
0.0028694996005141546,0.00013295093360321143,0.00394493751086343,0.0001920873875939618,0.004419775942795152,0.2568768331843639,0.38512646995131616,0.0,0.3636029786418886,0.8468061149820432,0.6132589679081011,0.42382643108320894,0.0,0.62542532507728,0.9836795324391884,0.46827676687268693,0.025045891842033985,0.5993231630871528,0.029475071577741097,0.6769995987894328
5.517765500969627e-06,2.1091389266632822e-05,0.00768058136460251,0.02003878268098707,0.01793652524501407,1.2496870554044355,0.0,0.0,0.0,0.0,0.0,0.0,0.0,0.0,0.9857543292261567,0.4432098168867336,0.7669866970470236,0.9981929702010729,0.837103251415103,1.0
0.12477645198736353,0.46687320395762716,0.7562021342304156,0.00593265360572611,0.0,0.0,0.0,0.7090996712905517,0.0,0.5042430370743615,0.26433947672690894,0.0,0.4257024596483173,0.0,0.0,0.0,0.004208448193003922,0.6379880999509319,0.8337428688901449,1.0
3.0194227763609958e-33,4.9310916069241117e-17,0.8053083730521045,0.0,0.0,0.0,0.0,0.3105272257556974,0.23849430064095756,0.5085741785388027,0.32882898356686996,0.17162916545820894,0.23429620964831732,0.0,0.0,0.0,0.0,1.0,1.0,0.3273902237894328
1.905927597054881e-18,8.295750027503517e-21,0.031126454621168736,0.5349158257211012,0.0,0.0,0.3822862524133632,0.0,0.008288031580956565,0.8190244527952755,0.5690049014368483,0.008015691606498732,0.0,0.39451458546027696,0.0,0.0,0.962997175596946,1.0,0.0027709369187718935,0.2746793508670466
1.3461030966432646e-19,0.0021983531865358633,0.3102550597037469,0.0032840814702608362,0.3877037509674978,0.0016951821160887867,0.0,0.7283828446932654,0.5153665914271036,0.10013246932415944,0.06222742106686996,0.33679029827070894,0.6190618346483173,0.0,0.0021732456174993198,0.5703292199832695,0.0067382644643142475,0.9954892220426589,1.0,0.6613745987894328
8.790320932578577e-18,0.14355683514134426,0.023403401782320865,0.0,0.0,0.0,0.10377408385552868,0.8341776691147423,0.033566825121942895,0.6125635640386312,0.39621179606686996,0.025036120690808322,0.8656690538663419,0.39451458546027696,0.0,0.0,0.0,0.10288010182238905,1.0,0.2746558487894328
1.691508860528274e-18,7.535263400040705e-18,1.8428183967426402e-17,5.213053327010724e-17,4.666154830465311e-17,1.188273808432024,0.0,0.0,0.0,0.3879501980853388,0.20089929606686996,0.0,0.0,0.0,1.0,0.4432098168867336,0.7669866970470236,0.7473630999509319,0.8594225444242498,1.0
2.878810499849437e-17,0.47014543325533154,0.0,0.0,0.0,0.8170125012368553,0.0,0.0,0.0,0.4996155651970728,0.31027429606686996,0.0,0.0,0.0,0.6675773067491879,0.0,0.0,0.0,1.0,0.24145272378943278
3.0445190897218564e-18,3.710322260279445e-18,4.3139745889866575e-18,8.740371138825921e-18,0.1774327731477299,0.0,0.6410943710547917,0.0,0.13025964083843364,0.7358052197784298,0.52609460856687,0.12310621623945894,0.0,0.828108335460277,0.0,1.0,0.5951116970470236,0.46611309995093186,0.5625475444242498,0.5207495987894328
0.08778980702610585,0.0,0.0,0.0,0.0,0.03380226808614866,0.14148519064242157,0.10013332959202849,0.47426960484125746,0.8582686217679528,0.656679325363745,0.7491209257121152,0.3390325377733173,0.626448179210277,0.23398355674918786,0.0,0.0,0.0,0.0,0.4849829972269328
1.7146329509609843e-19,1.982765881391197e-17,0.3238223493322691,0.2875729602460397,0.5374690716474856,0.013330381092914576,0.040081658138983366,0.8165525971215163,0.644421950128264,0.04739033211941773,0.02414148356686996,0.34509107952070894,0.5526555846483173,0.03691960543807932,0.012293291629015934,0.5682098168867336,0.4622991970470236,1.0,0.9944948516597922,0.0
9.330202169787825e-34,1.5144492499210426e-33,8.323052419032125e-34,2.875639665498928e-33,5.686958414803416e-17,0.9287507906382308,0.0,0.015800740935029953,0.0,0.37431603265137153,0.24386804606686996,0.0,0.010829701436850442,0.0,1.0,1.0,0.6185491970470236,0.27861309995093186,0.6484850444242498,0.5383277237894328
2.2482642395347974e-17,2.867698321633204e-17,5.3340542097243825e-17,2.5348927120558925e-18,1.129849690436232e-18,0.0,1.6467980190253138e-18,1.996427577711865e-17,3.5726714821310214e-17,1.25,1.0,0.3091642606730527,0.19059503777331732,0.016210606371812097,0.0,0.011124886220440167,0.024968361660743288,0.6184568499509319,0.5767077006742498,0.0
0.21369529566511217,0.23108339055652852,0.2935556268815898,0.38221590414120604,0.007607493618823531,0.6343610612880846,0.00990741857366846,0.0,0.5159297779776673,0.0020805128513241853,0.00132443898290187,0.34509107952070894,0.0,0.007362615784370752,0.5308585567491879,0.008413305017729078,0.4622991970470236,0.47783184995093186,0.5248752271577698,0.4934058487894328
2.4161969951797394e-17,0.0,0.0,0.0,0.0,0.0,5.63615347518817e-17,0.0,1.001469014410879,0.0,0.0,1.0,0.0,0.742170835460277,0.0,0.0,0.0,0.0,0.0,0.5383277237894328
2.59486543859524e-17,0.42377368567033147,0.0,0.0,0.0,0.0,0.9885177143871344,0.0,0.0,0.4900753361250993,0.27218835856686996,0.0,0.0,0.742170835460277,0.0,0.0,0.0,0.0,1.0,0.07348397378943278
0.03438748725093971,0.04253594215322343,0.03849713361026791,0.07554780957599247,0.002882971599136173,0.0,0.010565186020950372,0.03996594539114621,0.9940239380052163,0.004790018050461406,0.003049424159948015,0.9304182279582089,0.23881281121081732,0.06638958546027696,0.0,0.018184467764519152,0.5386636007825721,0.39042950620093186,0.5671862162992498,0.4984107316019328
0.06737199168803415,0.7546898936348249,0.00012711927064268272,0.0,0.0,0.0,0.013284549887259677,0.0,0.6536857904261293,0.0,0.0,0.45312330608320894,0.0,0.011160670149455959,0.0,0.0,0.0,0.00010680690208220156,0.9433185095617925,0.4719214737894328
1.7927601727091906e-34,0.0,0.0,0.0,0.0,3.892942806110995e-33,6.364395989156715e-17,0.0,1.0393847423743492,0.0,0.0,1.0,0.0,1.0,0.9707033766384056,0.0,0.0,0.0,0.0,0.30154410471253495
5.8279959836798545e-05,0.0004728120762183083,0.007875329069618901,0.0,0.2988578207449337,0.7331812420234358,0.6023999938555011,0.0,0.04504958424287121,0.3234590155282783,0.19992273356686996,0.028806899833208943,0.0,0.41404583546027696,0.7535148067491879,0.9831974001403443,0.0,0.9615367900072727,0.9219225444242498,0.7170864145014886
0.001155421910395284,0.2107659732473132,0.5193648819201115,0.0,0.40290152651352606,0.12911648918187257,0.4114302574225124,0.6462349455352849,2.2483697173608488e-05,0.6945799587121586,0.3750717706731009,1.377286131258094e-05,0.427215335633664,0.33738567921027696,0.11771824926188024,0.3967710164343292,0.0,0.7545739564976082,0.9965100767743745,0.0
2.8805387238224413e-33,4.704276736489222e-17,0.7682666936727427,0.0,0.0,0.0,0.0,0.2908417107405868,0.3356594676407293,0.47384013445742557,0.31222742106686996,0.24694654827070894,0.23038995964831732,0.0,0.0,0.0,0.0,1.0,1.0,0.5773902237894328
5.275980406233942e-17,0.8616329883697544,0.0,0.0,0.0,0.0,0.21580385843356617,0.19363012917752334,0.7128419636656722,0.2496121778921575,0.13546960856686996,0.42333814983320894,0.13663995964831732,0.15623333546027696,0.0,0.0,0.0,0.0,1.0,0.07348397378943278
2.5188150767111486e-34,8.3056534446202e-34,1.1309734221123063e-33,3.7194469749542574e-33,6.50522070124283e-17,1.0623831631735807,0.0,0.0,0.0,0.4376132905529056,0.24875085856686996,0.0,0.0,0.0,1.0,1.0,0.7669866970470236,0.5833005999509319,0.8125475444242498,0.8859839737894328
0.0013513442033634639,0.0026050488211418338,3.569591644500437e-05,0.00525341303534283,0.7987503993279005,0.8483070238450178,0.0,0.017796328915495766,0.2525245096887575,0.3751685534784021,0.19406335856686996,0.1358543433346403,0.009722562730273943,0.0,0.5191398067491879,0.9952039105606387,0.6756594797330449,0.007743100240619499,0.6953600444242498,1.0
0.22573012525422295,0.0,0.0,0.32197283415165445,0.0,0.0,0.7578380372534416,0.0,0.51977675687781,0.06867810001822516,0.04367273356686996,0.34814283733320894,0.0,0.695295835460277,0.0,0.0,0.6107366970470236,0.0,0.0,0.4562964737894328
5.0442599199231645e-18,0.0823790161119953,0.0,0.0,0.0,0.020044840464703177,0.7643281666455493,0.0,0.6818319103246681,0.21876512932241143,0.13351648356686996,0.46179029827070894,0.0,0.929670835460277,0.15195230674918786,0.0,0.0,0.0,1.0,0.2746558487894328
0.14208141118197107,0.0,0.0,0.18998282801927305,0.0,0.0,0.0,0.00725118456076053,0.9760650460380762,0.0,0.0,0.8481428373332089,0.019452459648317322,0.0,0.0,0.0,0.5912054470470236,0.0,0.0,0.4328589737894328
3.494432399816235e-18,3.234185593295441e-18,5.96417677302784e-18,0.12463466350205629,0.0,0.0036047227494391443,0.0,0.03898437224356546,0.9894110400556535,0.1416920190937141,0.08978479411374496,0.9164259183878964,0.19291437371081732,0.0,0.01840738487418786,0.0,1.0,0.5710935687009319,0.47538934129924976,0.4105201066019328
0.09992289603405073,0.0,0.0,0.0,0.07182672327998325,0.02301806701900885,0.07334717121729986,0.12177338931987658,0.0,1.043531390197636,0.885683231613745,0.0,0.4445012877733173,0.33738567921027696,0.11771824926188024,0.3967710164343292,0.0,0.0,0.0,0.2538604848854653
2.0688711803574453e-18,2.559110649986516e-18,2.316121840233521e-18,4.6204069876893165e-18,0.10006380563086183,0.0,0.010473099085244925,0.03961759928192069,0.9853599525072564,0.1318287160474372,0.08416955973874496,0.9304182279582089,0.23881281121081732,0.06638958546027696,0.0,1.0,0.5438421657970236,0.39042950620093186,0.5671862162992498,0.4984107316019328
6.2374087471561645e-18,1.2024141786612296e-17,1.1587070662939391e-17,2.8283069696517854e-17,0.545980832532904,0.5798384976849456,0.0,0.5905232342227362,0.0,0.31195892138924064,0.19406335856686996,0.0,0.4061712096483173,0.0,0.5191398067491879,1.0,0.6419866970470236,0.45048809995093186,0.6953600444242498,0.6984839737894328
5.982050848717525e-17,0.9769430423339139,0.0,0.0,0.0,0.0,0.0,0.3836117868733918,0.03543075642461666,0.6779889014625086,0.36496179606686996,0.021482681083208943,0.23820245964831732,0.0,0.0,0.0,0.0,0.0,1.0,0.0
0.002345630137902275,0.29788076782432515,0.005749160922283141,0.0,0.0,0.0,0.0,0.8614921975671174,0.07339226224191364,0.5533368587702026,0.34640710856686996,0.05114576702070894,0.7880238982185808,0.0,0.0,0.0,0.0,0.012284988286274945,0.9949871095321756,0.23754647378943278
0.012316564467704648,0.0,0.0,0.0,0.7907402583835266,0.39140457946356644,0.0,0.0,0.548157374841234,0.1212062197676157,0.07394617106686996,0.35388014202070894,0.0,0.0,0.29257730674918786,0.9900848168867336,0.0,0.0,0.0,0.7141089737894328
5.113704586981198e-18,6.896108783265957e-18,6.312293922418761e-18,1.2719399517268849e-17,0.27098761106630836,0.0,0.7876359048732567,0.4991105083337698,0.0,0.24279069449593293,0.15597742106686996,0.0,0.3436712096483173,0.789045835460277,0.0,1.0,0.5560491970470236,0.40361309995093186,0.5937975444242498,0.5305152237894328
3.116385477754629e-36,4.793213744998243e-34,7.016503713929702e-34,8.803609297789548e-36,1.3878185339502213e-17,0.2266479665674176,0.004688329608335159,0.06997294470901434,0.12538799391515038,0.9869708158110476,0.830995731613745,0.30951916156797965,0.19059503777331732,0.013166929210276956,1.0,1.0,0.006595308471243122,0.6184568499509319,0.995860971855715,0.6509986222269328
1.1253152715836956e-33,1.8377793048039382e-17,0.30013213705102104,0.0,0.0,0.0,0.011046654105463176,0.8903766969016196,0.08127971128060864,0.33865024833163565,0.21945398356686996,0.05492994670820894,0.7928899596483173,0.023420835460276956,0.0,0.0,0.0,1.0,1.0,0.5461402237894328
4.681137747464906e-18,7.100893236033695e-18,9.306109720498354e-18,1.4319190811447822e-17,2.367676325338526e-17,0.4965791902368502,0.0,0.7283828446932654,0.5153665914271036,0.10013246932415944,0.06222742106686996,0.33679029827070894,0.6190618346483173,0.0,1.0,0.5682098168867336,0.5404241970470236,0.5286130999509319,0.6289537944242498,0.6613745987894328
4.040831057655317e-18,1.5335816413546527e-17,0.25900108936375604,0.0,0.45370014012403415,0.0,0.0,0.16719678054845757,0.20526876034530128,0.8121776681603681,0.60226648356687,0.22796461467695894,0.19718683464831732,0.0,0.0,0.6697723168867336,0.0,1.0,0.8359850444242498,0.5363745987894328
1.754994842315263e-49,2.277407486250868e-51,2.8663653940085298e-33,4.681129932326945e-17,0.7644865336823858,0.0,0.0,0.20390449249346704,0.8841427358892653,0.3934144383897436,0.20382898356686996,0.5352766263957089,0.16593683464831732,0.0,0.0,1.0,1.0,1.0,0.00826077220601451,0.0
2.910679088994572e-19,6.119489090378441e-17,0.0,0.0,0.9993997152719796,0.14210677451089268,0.0,0.27588750921157523,0.0,0.0,0.0,0.0,0.16984308464831732,0.0,0.08991953907422318,1.0,0.0,0.0,0.9969719990375167,0.2844214737894328
3.091490068909064e-53,1.766201419487896e-55,2.2698123945693932e-50,2.2517418585467545e-50,5.221503382215135e-34,4.374406410262067e-36,8.52766139500119e-18,0.13926727936476838,0.4618480668239968,1.1531699736245618,0.74777429606687,0.8135517406198807,1.0,1.0,0.0053332694828207294,1.0,0.4974554470470236,0.999132908688661,0.0036370374398772,1.0
6.47013361318669e-17,4.423994546106477e-19,0.0,0.0,0.0,0.0,1.0409038949586058e-17,3.954276096383023e-17,1.25,0.0,0.0,1.0,0.3456243346483173,0.10154583546027696,0.0,0.0,0.0,0.0,0.004352859893532901,1.0
6.744052368400335e-20,1.6349315821678174e-19,2.6232580807591268e-19,4.597600190863553e-17,4.916680903583762e-17,1.0993323708485383,0.0,0.01024033625343832,0.0,0.2552507031146321,0.14523523356686996,0.0,0.005929973645782988,0.0,1.0,0.5213348168867336,0.9956192944438828,0.6223630999509319,0.7509330393103714,0.8586402237894328
8.240257113267824e-66,0.0,1.3457361124864756e-49,4.3888032487445867e-51,1.849928613232801e-49,3.7366674056105795e-33,6.102440978430993e-17,0.996604242575043,0.002352476218957278,0.08231360355077989,0.05246179606686996,0.0015027330102347913,1.0,1.0,1.0,0.5994598168867336,0.020754507355911084,1.0,0.0,0.4992652237894328
1.8112455982989357e-17,0.29579885393241473,0.8160306066401588,0.01587080471902553,0.0,0.0,0.0,0.0,0.0044003118265385985,0.5623683802968777,0.36593835856686996,0.0032268117078030362,0.0,0.0,0.0,0.0,0.011639036542079428,0.7786130999509319,1.0,0.31459410878264116
0.019463938631434915,0.045415297487318755,0.0,0.5240155961279638,0.0,0.0,0.0,0.1623208487688954,0.1803363794315125,0.8181759213479498,0.60763757731687,0.2014314818565735,0.1904391655889373,0.0,0.0,0.0,0.9401488235563522,0.0,0.7422350444242498,0.4484839737894328
0.006879981193635466,0.0,0.5833626137377331,0.0,0.0,0.0,0.1096915395721399,0.12556639120164012,0.7665189736023126,0.22789180971465398,0.14580029345430823,0.5737287748332089,0.1327045780147974,0.11831601609139963,0.0,0.0,0.0,0.9924922699770565,0.0,0.5617652237894328
1.4539034494546468e-18,3.702117660471278e-18,0.06495546008740798,0.6335340358163692,0.0,0.0,0.0,0.12051424117043504,0.6931806411417683,0.3235848809691215,0.20920007731686996,0.5213606107707089,0.11906183464831732,0.0,0.0,0.0,0.9349554470470236,1.0,0.7617662944242498,0.4484839737894328
3.79491414767381e-18,0.06197565127048838,0.0,0.0,0.0,0.011106609646761634,0.7309275246368665,0.69830490168959,0.0,0.2631709023863369,0.16183679606686996,0.0,0.4842962096483173,0.945295835460277,0.11288980674918786,0.0,0.0,0.0,1.0,0.2844214737894328
0.01145000974750287,0.0,0.4952534502301756,0.017698817586021806,0.6380211491916294,0.009109809046519583,0.5985777407162705,0.0,0.01898113736339365,0.19800509179480305,0.12375085856686996,0.012015415034216326,0.0,0.405903895375206,0.007177675317789567,0.57950072667941,0.022735062261264538,0.9852842937804511,0.0,0.6582848851460179
1.004680359598334,0.025203347774716497,0.0,0.0,0.4864053149950205,0.0,0.5619702911524346,0.0,0.0,0.009023730101869694,0.0045957879205524715,0.0,0.0,0.29685833546027696,0.0,0.2869598168867336,0.0,0.0,0.0159668544548891,0.0
3.64432733315842e-17,0.5951638195920231,0.0,0.0,0.0,0.16082887828487447,0.009575355780255179,0.0,0.0,0.9357985356754451,0.6291070540061814,0.0,0.0,0.009886879593409503,0.1680184000966075,0.0,0.0,0.0,1.0,0.847372819092235
1.5182036957463266e-18,2.5333988858277837e-18,3.948025785776831e-18,0.08052139048498125,0.9002517709027472,0.027182072903824822,0.0,0.0,0.0,0.46866769956996673,0.30441492106686996,0.0,0.0,0.0,0.01913980674918786,0.9432098168867336,1.0,0.5911130999509319,0.6562975444242498,0.6359839737894328
4.558001485396157e-17,0.7443781323022467,0.0,0.0,0.45528715125667646,0.0,0.0,0.14028754125235712,0.0,0.56101719578319,0.36007898356686996,0.0,0.10148370964831732,0.0,0.0,0.3494598168867336,0.0,0.0,1.0,0.2836494351474403
1.5953036619140032e-17,0.0,1.1432807348548219e-17,3.3841787164121463e-17,3.792127170372376e-17,0.0,0.8897899876928358,0.0,0.6680028058481402,0.1424330479139759,0.08105558872281626,0.4099677813349746,0.0,1.0,0.0,0.4900848168867336,0.6654241970470236,0.39586030485021917,0.0,0.8488745987894328
0.6460844624754002,0.0,0.0,0.0,0.0,0.0,0.46095497800750657,0.3144587186747617,0.010749411923866978,0.6125635640386312,0.39621179606686996,0.008015691606498732,0.24015558464831732,0.39451458546027696,0.0,0.0,0.0,0.0,0.0,0.2746558487894328
3.181402180314622e-33,5.19562404854957e-17,0.8485097992608099,0.0,0.0,0.0,0.0,0.12044122851454757,0.19210158824881435,0.4881880436660852,0.32296960856686996,0.14037916545820894,0.08976495964831732,0.0,0.0,0.0,0.0,1.0,1.0,0.5695777237894328
7.604948904698457e-19,2.046401678232695e-18,0.03565342694290355,0.7588586653747906,0.0,0.0,0.5211805899161042,0.0,0.031100505838102123,0.3896708087767666,0.25461023356686996,0.021482681083208943,0.0,0.38279583546027696,0.0,0.0,0.9701116970470236,1.0,0.7734850444242498,0.4719214737894328
6.38588752289266e-34,3.2116559768010774e-33,5.347709077420893e-17,0.873347169346162,0.0,0.27020134127105483,0.0,0.0,0.018932004630844674,0.45102000189292085,0.29171960856686996,0.013181899833208943,0.0,0.0,0.19101480674918786,0.0,1.0,1.0,0.8750475444242498,0.6398902237894328
1.9374235020422587e-18,2.6127209740183285e-18,4.824597558919927e-18,0.09502573007328226,0.0,0.8071019505852027,0.0,0.5144809551806022,0.0,0.31402324575974083,0.20089929606686996,0.0,0.3592962096483173,0.0,0.9253898067491879,0.0,1.0,0.6223630999509319,0.5937975444242498,0.6086402237894328
0.4001796935619173,0.0,0.0,0.5022068382306313,0.0,0.0,0.007863939142135148,0.6579928670627073,0.39998645269296634,0.04112207522384831,0.02609460856686996,0.26122877483320894,0.5077337096483173,0.007795835460276956,0.0,0.0,0.5716741970470236,0.0,0.0,0.4406714737894328
1.3215641455414249e-34,6.647136710783854e-37,2.1583053384410716e-18,0.03524780107936048,0.0022643613747771185,0.0,0.5515598895320707,0.9601853977845687,0.5788593571216534,0.0,0.0,0.30651686077070894,0.6674995394532011,0.9592881173237782,0.0,0.040841103055361344,1.0,1.0,0.003202011033283547,1.0
4.009856038943035e-17,0.654859187438346,0.0030320936513924006,0.0,0.0,0.10753330482232044,0.3151019475237533,0.5588092962359811,0.8094729647247265,0.235123992558002,0.12046528972096882,0.4583349332466975,0.4139837096483173,0.28220989796027696,0.10361246299918786,0.0,0.0,0.0029476214327156663,1.0,1.0
0.7232721328973455,0.0,0.17798973395341547,0.0,0.0,0.0,0.0,0.0,0.6425093833554053,0.1842720747432425,0.11789148356686996,0.45312330608320894,0.0,0.0,0.0,0.0,0.0,0.15361309995093186,0.0,0.4719214737894328
6.412840453046673e-17,1.0472963237255906,0.0,0.011052161207304912,0.0,0.0,0.0,0.0,0.6337771277262144,0.2527346680109804,0.12961023356686996,0.34643385295820894,0.0,0.0,0.0,0.0,0.006718025278177109,0.0,1.0,1.0
3.263881252354826e-33,5.330322595261372e-17,0.87050774132959,0.0,0.029183949292154426,0.0,0.0,0.12909000328934467,0.09030178561666873,0.5263286882853352,0.34152429606686996,0.06506178264570894,0.09367120964831732,0.0,0.0,0.02133481688673361,0.0,1.0,1.0,0.3273902237894328
0.023996217730071462,0.031543661921975975,0.0,0.05653183299234981,0.9592045366118579,0.0,0.08132186459383495,0.0,0.001142827985072001,0.269829221575893,0.17355554606686996,0.0007538418668253492,0.0,0.053705921212421515,0.0,0.9542566365641767,0.6107366970470236,0.0,0.5859850444242498,0.5461402237894328
6.953419687870791e-17,0.0,1.1355796124583892,0.0,0.0,0.0,0.45409311792334195,0.0,0.03520589668902324,0.2559666557617101,0.1312914445798282,0.018320922070343817,0.0,0.24217083546027696,0.0,0.0,0.0,1.0,0.0,1.0
0.2958033690980998,0.3107384607795248,0.3073978853188859,0.39318077347666064,0.01329637305677779,0.595884317127843,0.7286561784330507,0.0,0.4928929803146069,0.014804254283929504,0.007539921066869959,0.25805494670820894,0.0,0.43748333546027696,0.46835855674918786,0.012859935348113416,0.4076116970470236,0.39580059995093186,0.5156725444242498,0.0
2.6373697162297502e-18,2.861433309926296e-18,3.287656427729966e-18,6.921900859797116e-18,0.1403583479436877,0.0,0.041049533123209074,0.07506926305191418,0.08895217626930695,0.9824060976867977,0.880312137863745,0.3157713163371152,0.3019231627733173,0.18113567921027696,0.0,1.0,0.5960882595470236,0.44658184995093186,0.5259264506742498,0.4947486222269328
1.2005379061583255e-35,1.6428469201173814e-33,2.0872866547555788e-33,4.338044367814912e-17,0.0,0.0,6.001396897171995e-17,1.2093433663965036,0.0,0.3162097755490365,0.16281335856686996,0.0,1.0,0.601545835460277,0.0,0.0,1.0,0.5754880999509319,0.9953478771831401,1.0
4.020027752966369e-33,6.565203544018192e-17,1.072179104798076,0.0,0.0,0.02722225733502799,0.00028145190305571674,0.0,0.03455897614945485,0.41908669847757196,0.23703210856686996,0.020506118583208943,0.0,0.0001670617505343014,0.01616008439468547,0.0,0.0,1.0,1.0,0.8898902237894328
9.418795898471283e-18,4.7027892388679697e-17,0.7832759964532231,0.0,0.0,0.24233458612516076,0.0,0.4043472576602794,0.018932004630844674,0.45102000189292085,0.29171960856686996,0.013181899833208943,0.2916753580890994,0.0,0.19101480674918786,0.0,0.0,1.0,0.8741620495379873,0.6398902237894328
0.06290220701674899,0.08921533172349702,0.004239084881472276,0.1386810680395402,0.00806310501754908,0.06932841997226787,0.2635170283001431,0.19140612617862493,0.9065723490548852,0.19095078730409862,0.12228625937717327,0.7491209257121152,0.3390325377733173,0.6025686895932739,0.2379992007008485,0.029056072604325717,0.5752388425734485,0.024709711305390014,0.6090427517196881,0.4849829972269328
1.351072504814162e-19,1.7315060223680508e-19,1.3780478823775072e-19,6.704663733172498e-21,0.0042357521825859825,0.3524175036223652,0.0500623973639615,0.7660632653304112,0.505760650365323,0.17507447718247393,0.11203210856686996,0.34344313030195894,0.7230694690006506,0.08982708546027696,0.9923487519043923,1.0,0.01645864603334471,0.35673809995093186,0.5781725444242498,0.5031714737894328
0.11461423640451017,0.2559837246503809,0.4766839209126767,0.953650393943707,0.005511594234198904,0.030134796552722127,0.0,0.0,0.0,0.20484612645850042,0.11691492106686996,0.0,0.0,0.0,0.017397458242289332,0.0031827660456255624,0.6654241970470236,0.6614255999509319,0.7320001426875442,0.8488745987894328
0.15116987910434618,0.0,0.18265300653632618,0.015036138971382127,0.0,0.0,0.0,0.4904160123301747,0.01897095596224622,0.8468581756414704,0.6358227966044298,0.022154067801958943,0.7128118346483173,0.0,0.0,0.0,0.0403191390867495,0.5598630999509319,0.0,0.4150734138396799
1.0099401600110201e-18,0.0164935744855444,0.0,0.0,0.0,0.003165179097336267,0.683404286808876,0.02719450980120301,0.16934892926404416,0.7793564673524158,0.53195398356687,0.15447828655195894,0.025311834648317322,0.984358335460277,0.12070230674918786,0.0,0.0,0.0,1.0,0.2746558487894328
7.755879437438134e-20,2.040198149537079e-17,0.0,0.0,0.0,0.0,0.33319205064152563,1.0293229024296688,0.0,0.6260810010877648,0.33396923641319043,0.0,0.8007024596483173,1.0,0.0,0.0,0.0,0.0,0.9975798809453529,1.0
0.7353787513986711,0.0,0.0,0.017606309109342428,0.0,0.0,0.0,0.0,0.6631078366408956,0.16383084686629096,0.10436846590850078,0.46703932170820894,0.0,0.0,0.0,0.0,0.015238927689951831,0.0,0.0,0.5617652237894328
0.2824137508384363,0.0,6.651368842111707e-05,0.0,0.0,0.0,0.16375079199549944,0.616310510316129,0.47672092625027085,0.5356260973141023,0.3597339304004187,0.38171217327070894,0.6898920391623287,0.3345140594696262,0.0,0.0,0.0,0.00014993578844281832,0.0,0.5168608262175677
5.0708272495214605e-18,4.769568529463123e-18,6.736611739781111e-18,8.709794842117228e-18,1.4278096998855746e-17,2.1298742685285903e-17,2.480824478296896e-17,3.593172409725283e-17,0.8538822247663987,0.5229370297883983,0.34982507731686996,1.0,0.4823430846483173,0.45310833546027696,0.5308585567491879,0.5291473168867336,0.4662054470470236,0.48955059995093186,0.48051629442424976,0.4641089737894328
0.1166551730655669,0.0,0.0,0.0,0.0,0.0432803230189485,0.16562501763365514,0.6333218574326422,0.6053305301192591,0.43549061933066535,0.28683679606686996,0.46948072795820894,0.7987493346483173,0.589827085460277,0.22617105674918786,0.0,0.0,0.0,0.0,0.4934058487894328
1.3375384914570219e-18,0.021843661248096485,0.0,1.1216302539862937,0.0,0.0,0.0,0.0,0.00401649685024792,0.0,0.0,0.002279258801772384,0.0,0.0,0.0,0.0,0.9876034469169215,0.0,1.0,0.1509296264949412
9.381459748396595e-53,7.894999814776348e-53,2.002444436685055e-36,3.27023993869781e-20,8.358472395415951e-19,1.760034552100765e-17,3.512296011560589e-19,0.28781706363759707,0.2096008574603314,1.1982190193912485,0.8161193711986343,0.4007081062380799,1.0,0.012688275279866235,0.9697662990547038,0.9751050432476929,1.0,1.0,0.44536004442424976,0.0
4.728162018372617e-18,6.136782948443586e-18,6.463888682953647e-18,1.2822465543571174e-17,0.26646112414220835,0.0,0.7167939127084008,0.0,0.6134806587414364,0.19926794635565265,0.12765710856686996,0.43041822795820894,0.0,0.773420835460277,0.0,1.0,0.5755804470470236,0.44267559995093186,0.5820787944242498,0.5207495987894328
4.982135668554361e-18,1.2772458594306075e-17,0.2238972857347941,0.0,0.0,0.0,0.09719210407345066,0.18272389669458347,0.6741424767166491,0.6727336529111695,0.46975915934811996,0.7295973051066464,0.4091008971483173,0.26072552296027696,0.0,0.0,0.0,1.0,0.7632311381742498,0.5012183487894328
0.23814117484413783,0.2404226720674106,0.42993542117052,0.04829076256518786,0.010042309574284328,0.0,0.7599970880897213,0.2508248936302779,0.0,0.2538167789600172,0.16281335856686996,0.0,0.1663840160793651,0.601545835460277,0.0,0.01163816072042484,0.05604337542348503,0.5754880999509319,0.5030349873872754,0.44206905722115886
0.4047896197156245,0.0,0.0,0.4980301976763886,0.0,0.0,0.007859486939398246,0.6576203415903391,0.39975999865419304,0.05318911353200844,0.03375829072537959,0.26122877483320894,0.5077337096483173,0.007795835460276956,0.0,0.0,0.565515944026344,0.0,0.0,0.4406714737894328
3.3134052697314166e-17,0.5411201453412263,0.0,0.0,0.0,0.0,0.08705243730020265,0.3307023574561245,0.19069662182382952,1.0020112310991298,0.62570398356687,0.18432447795820894,0.3456243346483173,0.10154583546027696,0.0,0.0,0.0,0.0,1.0,0.04809334878943278
4.308380751295973e-35,7.036119727411422e-19,0.01149085553860957,0.0,0.0,0.45258021967551826,0.00551443650605316,0.23483654657550176,0.809205531841669,0.29613320164220724,0.19113367106686996,0.6419660795207089,0.3046087096483173,0.007753972965136684,0.9838399156053146,0.0,0.0,1.0,1.0,0.5363745987894328
1.4713295894487264e-17,8.065848670302753e-20,8.305544088223372e-19,2.6945895282681513e-19,0.0,0.0,0.0,5.545530203222604e-19,0.24088303440190417,1.2265705702230636,0.8765469942309687,1.0,0.023940791146059598,0.0,0.0,0.0,0.011639036542079428,0.03589806752482472,0.0034899232256254686,1.0
2.065156257769884e-17,0.33726561147389206,0.0,0.0,0.0,0.0,0.03320884929386152,1.0469459095287663,0.0,0.4671686451931891,0.25558679606686996,0.0,0.8007024596483173,0.062483335460276956,0.0,0.0,0.0,0.0,1.0,0.05785897378943278
3.814127620675948e-33,6.228943109689247e-17,0.0,0.0,0.0,1.0172636084177216,0.006304357265441396,0.0,0.0,0.0,0.0,0.0,0.0,0.003945316703392016,1.0,0.0,0.0,0.0,1.0,0.6314653697449099
4.299228467375172e-18,5.825712983471851e-18,9.701654430808823e-18,1.5691916667624978e-17,1.795413871224624e-17,0.4367291409303589,0.0,0.11218962783045949,0.65560590338202,0.6429315121587215,0.43264978434811996,0.6164533842082089,0.16007745964831732,0.0,1.0,0.4686004418867336,0.5816839626720236,0.5918455218259319,0.5952623881742498,0.6516089737894328
4.43852129841632e-17,0.0,0.0,0.0,0.0,0.7248655369869241,0.044514048603704295,0.6033456694730507,0.4237235597024982,0.0,0.0,0.26855299358320894,0.4413274596483173,0.039045835460276956,1.0,0.0,0.0,0.0,0.0,0.6867652237894328
0.19778117387836885,0.26800537847503253,0.4463137087150765,0.010232222009827393,0.5045937452359305,0.039881140287367216,0.0018034336500808823,0.19635343318227483,0.0,0.6284867986576588,0.43264978434811996,0.0,0.16246595317948556,0.0015254520920033043,0.03374972594845099,0.4686004418867336,0.011695591244386516,0.5918455218259319,0.5952623881742498,0.5013843494925893
0.002548059004767635,0.0,0.3858627674566806,0.010309006636732919,0.0,0.0,0.8707605191905653,0.0,0.10527332301283146,0.3883287913697844,0.24510477718404583,0.07007795422897428,0.0,0.734358335460277,0.0,0.0,0.017004008128368497,0.9957961189774527,0.0,0.3156714737894328
4.3459733214352216e-17,0.7097513053496008,0.0,0.0,0.0,0.0,0.0523357216318361,0.3830981678305529,0.7872768297553515,0.42082055619458253,0.22726648356686996,0.49163648967695894,0.3143743346483173,0.046858335460276956,0.0,0.0,0.0,0.0,1.0,0.04809334878943278
4.5713991390585344e-18,7.220221050824553e-18,1.0857302009842915e-17,1.7339726465552337e-17,2.3709699651870123e-17,0.5301308106328096,0.7933518687484062,0.3612199667926957,0.0,0.1733593686962743,0.10714929606686996,0.0,0.23038995964831732,0.624983335460277,1.0,0.5213348168867336,0.5716741970470236,0.5754880999509319,0.6406725444242498,0.6867652237894328
5.464288683347459e-17,0.0,0.8923860638270413,0.0,0.0,0.0,0.2917451475711414,0.014005521149443818,0.0,0.3440526054058602,0.22359545788299978,0.0,0.009496069414350938,0.20115521046027696,0.0,0.0,0.0,1.0,0.0,0.5042701066019328
1.445804303521275e-17,4.0417039106577044e-17,0.7010215753821029,0.0,0.0,0.0,0.0,0.0005226593382240229,0.2648440926130943,0.6651698518979541,0.462144809271208,0.2299602972514813,0.00047464331906176514,0.0,0.0,0.0,0.0,1.0,0.7812975444242498,0.5448375170478206
1.2584124291583214e-17,0.0,0.0,0.0,0.2055143458562056,0.0,0.05959222385207251,0.021711473231092134,0.9770376192876966,0.0,0.0,0.8620588529582089,0.06437433464831732,0.17967083546027696,0.0,1.0,0.0,0.0,0.0,0.5207495987894328
0.08878535232928934,0.1523643615966901,0.1859625435253554,0.46799824459329153,0.02657196016751829,0.5673654647164854,0.010315153629225332,0.0,0.14216938941631313,0.9668865810883278,0.5630008022263275,0.11486647014570894,0.0,0.008426061060723827,0.5191398067491879,0.03167741233336746,0.6810491970470236,0.5168943499509319,0.6641100444242498,0.0
7.464192576741886e-20,1.840778326391504e-21,0.00121936578780338,0.0,0.0,0.10273988234122783,0.9959215800925523,0.0,0.058425184261703886,0.0,0.0,0.03710768108320894,0.0,0.9345528303843957,0.9924446484958356,0.0,0.0,1.0,0.015696786764444415,0.5539527237894328
3.9944122677674016e-18,9.645401647306204e-18,2.052812474468537e-17,4.462161192239176e-17,4.4106830929114237e-17,1.0914955193434528,0.1618788655517487,0.0,0.0,0.2867098417002654,0.16183679606686996,0.0,0.0,0.09373333546027696,1.0,0.4588348168867336,0.6966741970470236,0.7004880999509319,0.7500475444242498,0.8742652237894328
0.006653284041478146,1.0233205341454696,0.0,0.010602087772249478,0.040040259154530695,0.04867592155514193,0.0010901573129807388,0.0024638767954597686,0.5423725437937513,0.4658439769461704,0.24311886174144248,0.3097493028193587,0.0015297898438109137,0.0006768662754674925,0.03023370094529626,0.02489495675230713,0.006595308471243122,0.0,0.995860971855715,1.0
4.278771297467947e-18,0.06987763819653134,0.0015334051792265323,0.0,0.0,0.0,0.6645214626397905,0.026279085438610218,0.26779970165924427,0.7587428526228732,0.5165280432968705,0.2424990165838644,0.025024678760551533,0.9332855389215093,0.0,0.0,0.0,0.013967836239040021,1.0,0.2850163981918563
4.153540112342571e-17,0.6783245773776451,0.7023517423397206,0.0001432685502192739,0.0,0.03155131053639213,0.0,0.3836117868733918,0.03543075642461666,0.6779889014625086,0.36496179606686996,0.021482681083208943,0.23820245964831732,0.0,0.020563820659480425,0.0,9.340892100920262e-05,0.5110776321901063,1.0,0.0
0.6899681691296705,0.0,0.00813725102711731,0.0,0.0,0.0,0.15362605274556368,0.1450706275857166,0.7180504943475168,0.18908955354268586,0.11691492106686996,0.49841139202070894,0.12885659128183724,0.13946315482915428,0.0,0.0,0.0,0.007507730022943471,0.0,0.3117652237894328
5.267710360185749e-17,0.8602823873550046,0.0,0.0,0.0,0.0,0.21546558806309352,0.19332661590391007,0.7117245910807337,0.25785066182465755,0.14001307617179526,0.42333814983320894,0.13663995964831732,0.15623333546027696,0.0,0.0,0.0,0.0,1.0,0.07348397378943278
0.7340713652466231,0.0,0.0,0.0,0.0,0.0,0.0,0.0,0.6617393057075908,0.1757406086686043,0.11203210856686996,0.46703932170820894,0.0,0.0,0.0,0.0,0.0,0.0,0.0,0.5617652237894328
1.5507944639961887e-20,4.6102770122947954e-20,4.6068975597420927e-20,6.192834701465228e-20,8.406185435184986e-20,2.865240408216577e-21,0.0,6.532317825416932e-17,1.066810384185647,0.21590000155134162,0.12712150577852066,1.0,0.9987906695764104,0.0,0.014701007670263722,0.4739715356367336,0.4749945095470236,0.48271466245093186,0.7934245269702477,0.7973852153297917
2.1517437240231594e-33,3.5140641783758176e-17,0.0,0.5738902319954531,0.0,0.0,0.0,0.1455490113014963,0.13122170539251138,0.9082481048252947,0.62521570231687,0.13885328655195894,0.15812433464831732,0.0,0.0,0.0,1.0,0.0,1.0,0.19653084878943278
5.084397580174669e-17,0.0,0.0,0.0,0.8303451384863987,0.0,0.0,0.0,0.528040492154734,0.1937277877937588,0.12375085856686996,0.36059400920820894,0.0,0.0,0.0,1.0,0.0,0.0,0.0,0.5539527237894328
0.10724710041120045,0.0008153953925570831,0.6578744164773425,0.0,0.0,0.0,0.24774719497269648,0.2836066802427466,0.6244161684878827,0.15541812209403014,0.09933679606686996,0.4355677082175307,0.241590844631283,0.22654583546027696,0.0,0.0,0.0,0.897119898177611,0.0048401012747717465,0.5090308487894328
2.010397714091485e-17,2.111902555864014e-17,3.99903053842198e-17,0.8082573822912847,0.27507665311038176,0.0,0.0,0.0,0.0,0.5419764173360172,0.36007898356686996,0.0,0.0,0.0,0.0,0.2088348168867336,1.0,0.5989255999509319,0.5156725444242498,0.3937964737894328
1.7577821621268173e-17,1.4792676424135653e-17,4.133471157172202e-17,0.7723073082110498,0.0,0.0,0.0,0.0,0.5628550197935315,0.35809866973587284,0.22824304606686996,0.40093824748945894,0.0,0.0,0.0,0.0,1.0,0.6770505999509319,0.44536004442424976,0.3566870987894328
1.0919286547447637e-49,1.7246287228838122e-49,1.0579733376307624e-51,3.333639349625207e-33,3.165445730404047e-33,7.507610876311366e-17,1.2260859019169374,0.0,4.149925495301888e-06,0.243337956561052,0.12472742106686996,2.1547630716745665e-06,0.0,1.0,1.0,0.4835282217137412,1.0,0.0032995698042632693,0.6406725444242498,1.0
2.84123266174989e-19,3.831556786420124e-19,9.978291056128966e-19,0.018062064471368898,0.0,0.9493886783795538,0.11709188012190623,0.0,0.0,0.34021542159520274,0.21750085856686996,0.0,0.0,0.07810833546027696,0.9878898067491879,0.0,1.0,0.7161130999509319,0.5937975444242498,0.6242652237894328
0.00340114838092459,0.0032837094440538684,0.004116819913481282,0.0053681814505363,0.009504159574842665,0.011951179538067363,0.016172931680425856,0.5504223200885608,0.6204138973506904,0.560005468121447,0.37796228434811996,0.5377180326457089,0.9725774596483173,0.47752239796027696,0.48349527549918786,0.5447723168867336,0.4508245876720236,0.45610333432593186,0.48881707567424976,0.4680152237894328
3.0131995986638636e-34,3.9609304479920455e-34,8.127698976376083e-18,0.0,7.300047043059788e-17,0.0,6.2111913063528355e-18,0.0,1.2038358017595983,0.33656999628877404,0.17355554606686996,1.0,0.0,0.053705921212421515,0.0,0.9294109841620645,0.0,1.0,0.5859850444242498,0.0
0.007205987175696573,5.6742772674130475e-05,0.37338632878863864,0.0,0.0,0.13855613828177915,0.5302262378246078,0.06482970462133546,0.6053305301192591,0.43549061933066535,0.28683679606686996,0.46948072795820894,0.0620362324699526,0.589827085460277,0.22617105674918786,0.0,0.0,0.987715011713725,0.005012890467824438,0.4934058487894328
2.7327233894879815e-17,2.3788297545909355e-17,4.9971902440643164e-17,1.0080293741821487,0.0,0.0,0.0,0.0,0.0,0.0,0.0,0.0,0.0,0.0,0.0,0.0,1.0,0.6006345843259319,0.4559944430742374,0.4103932246861395
0.362369458161567,0.0,0.0,0.6814476108772721,0.32783238936747816,0.0,0.0,0.0,0.5074214399335677,0.20234713995337425,0.12961023356686996,0.34643385295820894,0.0,0.0,0.0,0.2557098168867336,0.6888616970470236,0.0,0.0,0.4719214737894328
0.32437849892077947,0.0,0.036627773157546804,0.0,0.0,0.0,0.21810780373610203,0.15138635039462675,0.7148561340520168,0.5592764425691551,0.37765710856686996,0.6613142240519589,0.23429620964831732,0.37498333546027696,0.0,0.0,0.0,0.07158184995093186,0.0,0.5207495987894328
1.1513955342875814e-33,1.8803716060650757e-17,0.3070879877160114,0.40928819338563555,0.0,0.0,1.1329132136402458,0.0,0.1311022231504271,0.0,0.0,0.06689283733320894,0.0,0.7299283884957419,0.0,0.0,0.590213196447904,1.0,1.0,1.0
3.930545179995368e-20,1.6663219383500554e-19,0.0027959924346738162,0.03167874036818781,0.5671547696156761,0.0,0.0,0.2809905720813003,0.7081795109508001,0.31511659064823977,0.20382898356686996,0.5352766263957089,0.2924427782172724,0.0,0.0,0.9643403633721386,0.943956624576515,1.0,0.8525288358580625,0.5349770153577068
7.491240118201209e-17,1.2234123542260351,0.00981540393824179,0.0,0.0,0.0,0.013096516743139412,0.10852108884199929,0.0,0.02837474305727829,0.014703526628524227,0.0,0.056318043126906525,0.006814476518300805,0.0,0.0,0.0,0.005107473479877772,1.0,0.021823506455640074
5.175932396376261e-21,4.940649302524664e-19,2.549488478313792e-19,8.1411867223601535e-19,0.016100275320544734,1.2363148544935152,0.0,0.02101229042198826,0.0,0.1825509390403207,0.09330612697317647,0.0,0.01081797073481983,0.0,0.991709899624822,1.0,0.6185491970470236,0.30326101954946766,0.9933308758361546,1.0
0.828624927321808,0.0,0.05012475758426461,0.0,0.02191534728766444,0.0,0.0,0.0,0.5280937148719523,0.1937473141736866,0.12375085856686996,0.36059400920820894,0.0,0.0,0.0,0.016802599859655765,0.0,0.03846320999272734,0.0,0.5548815330773771
5.385671262710785e-50,0.0,0.0,0.0,1.0280404357520859e-53,8.795468807135119e-34,9.407562263293435e-34,2.1032613758100135e-17,5.750960520857522e-17,1.0000434828301878,1.0,0.7767927396769589,1.0,0.5213988553681497,1.0,0.00012152075912535282,0.0,0.0,0.0,0.4934058487894328
0.00027082989872415347,0.00027342456830333406,0.05570657232104967,3.028048914863362e-05,8.441497450005476e-06,0.0,0.9335004957418691,0.25013074333460356,0.0,0.25311434871231653,0.16281335856686996,0.0,0.1663840160793651,0.9620538527930781,0.0,9.646788315432423e-05,0.00034603989073577965,0.9956019646398953,0.5030349873872754,0.5240673390507958
5.297879366139707e-18,5.364097552772629e-18,7.569426767222463e-18,1.009044214478597e-17,1.4598628893657425e-17,2.068865055853268e-17,0.4781162540361327,0.6242542945988044,0.046717215727941186,0.6161297692914751,0.42257898356686996,0.03777906780195894,0.5839055846483173,1.0,0.49960855674918786,0.4978973168867336,0.4818304470470236,0.5012693499509319,0.5039537944242498,0.4934058487894328
0.5617797853388953,0.0,0.12370987945398768,0.0,0.0,0.5271808212434675,0.0,0.0,0.6888754161426376,0.10206485866550255,0.06222742106686996,0.46044752483320894,0.0,0.0,0.47226480674918786,0.0,0.0,0.13798809995093186,0.0,0.7141089737894328
3.64020556864933e-05,4.3764462504771945e-05,3.9557911891514536e-05,0.006638713717889251,0.8469462469962405,0.0,0.1975039308807155,0.4309657776831996,0.0039222519255405685,0.25482430540290063,0.16344690690131441,0.002572553623710472,0.2928899596483173,0.1458459487571778,0.0,0.9950097420492772,0.9933527941821487,0.3866222850967805,0.5583029258182566,0.4406714737894328
0.3075664635247443,0.0,0.0,0.4387010632255465,0.0,0.0,0.03950709930041083,0.042877469030619536,0.6129167308289368,0.5855887606371288,0.39621179606686996,0.5408308256144589,0.05070245964831732,0.046858335460276956,0.0,0.0,0.6107366970470236,0.0,0.0,0.4328589737894328
0.04579260008193941,0.05840922080643434,0.10864390712892157,0.18464493619352215,0.003962469561039546,0.0,3.182696686967244e-05,0.06999354996364152,0.12525571309469527,0.9869708158110476,0.830995731613745,0.3091642606730527,0.19059503777331732,8.935169267841256e-05,0.0,0.011124886220440167,0.6058538845470236,0.6184568499509319,0.5767077006742498,0.6509986222269328
0.0017163444193795498,3.301174312760718e-05,0.04438156965198127,0.7455167335099008,0.0,0.0,0.5311050669859994,0.0,0.0994667123296817,0.3896708087767666,0.25461023356686996,0.06882761963010076,0.0,0.3935340750177704,0.0,0.0,0.9621176425981484,0.9753880638847832,0.012243077326696716,0.4719214737894328
3.1918719454128173e-18,1.5082779106043272e-17,0.25177574208564213,0.0,0.5115661834007207,0.0,0.7305627093202698,0.0,0.051582730605784756,0.3823229065600692,0.24875085856686996,0.03539869670820894,0.0,0.578108335460277,0.0,0.7088348168867336,0.0,1.0,0.8672350444242498,0.5617652237894328
3.414814857560936e-17,0.0,0.0,0.0,0.5576815878567539,0.0,0.1766566423731037,0.6950649498258055,0.41906448425443055,0.03027500109330952,0.01925867106686996,0.27514479045820894,0.5546087096483173,0.19529583546027696,0.0,1.0,0.0,0.0,0.0,0.5305152237894328
3.508008784270219e-33,5.729013110902885e-17,0.9356188437174943,0.0,0.0,0.0,0.0,0.0,0.19956945870254092,0.43946591829347903,0.27414148356686996,0.13378736858320894,0.0,0.0,0.0,0.0,0.0,1.0,1.0,0.7297339737894328
2.668549712769326e-33,4.3580724085136613e-17,0.0,0.0,0.7117272362199323,0.0,0.0,0.1945179946291946,0.6507777949116982,0.356655851802002,0.22140710856686996,0.46014234905195894,0.16984308464831732,0.0,0.0,1.0,0.0,0.0,1.0,0.2844214737894328
1.152565635217063e-17,1.795923637548602e-17,1.1630238854373623e-17,3.804142745185059e-17,0.7372225313008465,0.0,0.0,0.029327229356099306,0.5888732556461187,0.3324205081503491,0.21554773356686996,0.42883131389570894,0.025311834648317322,0.0,0.0,1.0,0.6380804470470236,0.31767559995093186,0.6367662944242498,0.5285620987894328
2.9760842411070896e-18,2.7186344807574855e-18,4.9938928528445575e-18,6.959635614807117e-18,7.006492959429519e-18,1.2055547639225503e-17,0.275243510899642,0.055262763894021565,0.15287490806988627,0.9477696823155701,0.792909794113745,0.3174497831339902,0.12614191277331732,1.0,0.5074210567491879,0.4056121606367336,0.5257757595470236,0.5676755999509319,0.47123895067424976,0.4849829972269328
3.294336032985917e-33,5.380059026454912e-17,0.8786303169535442,0.0,0.0,0.0,0.043141284552901504,0.4631471658657472,0.0,0.31865493924646915,0.19746686329398955,0.0,0.3085149596483173,0.031233335460276956,0.0,0.0,0.0,1.0,1.0,0.2902808487894328
0.06012929997818199,0.0,0.05136243689193987,0.9856362850308936,0.0,0.034778181759904325,0.0,0.7258508130867127,0.00011970237514804277,0.23811455620631167,0.1220164157754422,6.210106308939022e-05,0.40293748192620715,0.0,0.022381952918954562,0.0,0.9490316789786737,0.45004384938530784,0.0,0.0
9.186285536093726e-19,2.6634216757178268e-17,0.0,0.0,0.4352284114109732,0.0,0.0,0.9017797380255802,0.0,0.0,0.0,0.0,0.7137391404593689,0.0,0.0,1.0,0.0,0.0,0.9780513400329091,0.5362542304176257
3.265185795362811e-33,5.332453075672366e-17,0.0,0.0,0.8708556751848823,0.1782277791750229,0.0,0.0,0.0,0.4589845793156396,0.30343835856686996,0.0,0.0,0.0,0.12851480674918786,1.0,0.0,0.0,1.0,0.4797339737894328
7.637562408497779e-17,1.2473085976814453,0.0,0.0,0.005819764172634077,0.0,0.0817457152479905,0.0022428850875782225,0.0,0.0,0.0,0.0,0.0011422926080641785,0.041662550537874155,0.0,0.0029703555832064354,0.0,0.0,1.0,0.0
1.4642361145633344e-18,0.023912790456526608,0.9109551790386428,0.00757245190825638,0.0475987627995596,0.0,0.0005425688558550227,0.015520406234964429,0.2069684988008466,0.3638373108646336,0.23605554606686996,0.14196607952070894,0.010826499845917159,0.00037851382530296185,0.0,0.0332215377447542,0.005290053476252915,0.9832924162083616,1.0,0.5639225060961368
1.8347435921140138e-17,1.582899703188807e-17,5.0689780049646086e-17,0.9175539880988446,0.0,0.0,0.09034692857239288,0.0,0.0,0.4218255626969244,0.27316492106686996,0.0,0.0,0.062483335460276956,0.0,0.0,1.0,0.7161130999509319,0.45317254442424976,0.3820777237894328
1.2486461425234723,0.0,0.0,0.0,0.0,0.011622588536685173,0.0,0.0,0.0,0.0,0.0,0.0,0.0,0.0,0.005925582705511689,0.0,0.0,0.0,0.0,0.0013014600339107396
3.557398606799324e-17,0.5809672812236351,0.0,0.03431136708633775,0.005794607923555171,0.0,0.0,0.002979395151319127,0.12899570837437532,0.8036366103894472,0.5936875439311853,0.13885328655195894,0.0032589308854278354,0.0,0.0,0.006338435398441311,0.03755452703873674,0.0,1.0,0.47536230622552833
4.447763377969871e-18,4.3073877552677744e-18,7.046730215567066e-18,9.427879851947492e-18,1.2348812491028631e-17,2.0530797812984384e-17,0.4475130126683541,0.06772943498220729,0.6767766493699026,0.5809761959607332,0.39456384684811996,0.6247389066691464,0.09562433464831732,1.0,0.5391593379991879,0.4764129418867336,0.5016058376720236,0.5410642718259319,0.48979363817424976,0.4855933487894328
1.0153277106526024,0.0,0.0,0.0,0.0,0.0,0.0205655186907208,0.0,0.7222313457162765,0.0512337773035519,0.02615868125415699,0.39355299358320894,0.0,0.01289300554648981,0.0,0.0,0.0,0.0,0.0,0.002788340561368813
0.0024032971431043725,0.0,0.0,0.0,0.15429495854089448,0.0,0.8286967191161115,0.0,0.539006757616027,0.05641919625686358,0.03586023356686996,0.36218092327070894,0.0,0.882795835460277,0.0,0.9900848168867336,0.0,0.0,0.0,0.5461402237894328
1.9896283051892343e-49,1.7761629348696116e-50,3.262231321432353e-33,5.327628053580257e-17,0.0,0.0,3.890143700960671e-17,0.0,0.0,1.0773276667394411,1.0,0.0,0.0,0.40151428302452946,0.0,0.0,1.0,1.0,0.05668149043820747,0.22192147378943278
0.8728607360242668,0.0,0.0,0.0,0.0,0.0,0.0,0.0,0.5890517104237553,0.22752388770472404,0.13546960856686996,0.37792799358320894,0.0,0.0,0.0,0.0,0.0,0.0,0.0,0.22192147378943278
5.0583902315079454e-82,8.260978161262159e-66,1.349120116430921e-49,0.0,2.2032803537644174e-33,0.0,4.0046018151564736e-33,7.464516270622265e-17,1.6927384192025353e-17,1.25,1.0,0.14196607952070894,1.0,0.6797886168100502,0.0,1.0,0.0,1.0,1.0,1.0
6.120506238326794e-34,9.995545234084029e-18,0.1632396416835175,0.0,1.2392331028229822,0.0,0.004649115834763907,0.0004904238703369471,0.01150136762056657,0.0,0.0,0.005857681083208943,0.0002497814060537087,0.0023678811279459096,0.0,0.9166204581499366,0.0,1.0,1.0,1.0
0.3727032172763,0.0,0.0,0.0,0.0,0.0,0.2659085820833605,0.1814000845982719,0.6477687424766955,0.5838294257066495,0.39621179606686996,0.5861799467082089,0.24015558464831732,0.39451458546027696,0.0,0.0,0.0,0.0,0.0,0.5386003554010932
7.160112764375497e-18,8.237726419021911e-18,8.465381575707745e-18,1.7347910645803428e-17,0.3621486997056733,0.0,0.07260368032030544,0.16775281905593245,0.6031343676937116,0.6868100391108445,0.48196619059811996,0.6230604398722714,0.2714055846483173,0.12595989796027696,0.0,1.0,0.5719183376720236,0.41997052182593186,0.5444811381742498,0.4953589737894328
2.9833343395403022e-33,4.87215471696397e-17,0.7956832484853843,0.0,0.0,0.40603474450461774,0.0,0.0,0.08227565549962661,0.44248166858597743,0.29171960856686996,0.05846998577070894,0.0,0.0,0.30038980674918786,0.0,0.0,1.0,1.0,0.4836402237894328
3.860328426084117e-18,9.00732206308022e-18,1.6655386619212136e-17,3.3320645639327254e-17,3.733730876872943e-17,0.8760878002556286,0.0,0.0,0.6698875836106174,0.20484612645850042,0.11691492106686996,0.41558668498945894,0.0,0.0,1.0,0.4900848168867336,0.6654241970470236,0.6614255999509319,0.7422350444242498,0.8488745987894328
0.00330483181183838,0.003646867316473565,0.005254133128215613,0.007054692308114482,0.011323467198936309,0.025435870961244056,0.9607642006878628,0.25322130863947323,0.02402574635633993,0.10983543201323975,0.07003992106686996,0.015384364174494902,0.16398370964831732,0.98038554361473,0.6578350971304564,0.5369598168867336,0.4935491970470236,0.5208005999509319,0.5312975444242498,0.5187964737894328
1.7375074894409303e-24,2.8375650688029408e-08,0.001962778436033581,0.0,1.2225718537035286,0.03464340582471648,0.0,0.0,0.25700454803695194,0.023721440806041428,0.012081955854751886,0.13185562072587634,0.0,0.0,0.01803472615444246,0.9989779394283055,0.0,0.9999907964648741,1.0,1.0
0.010404125128423014,0.009087964432594613,0.014747936621047151,0.020046493948731654,0.02438973049735231,0.036530266510324684,0.05430088000961917,0.07919597952556334,0.3707281779392359,0.9239971127801274,0.74777429606687,0.8173811185832089,0.5155462096483173,0.511702085460277,0.49179605674918786,0.4510223168867336,0.4974554470470236,0.5208005999509319,0.45707879442424976,0.4602027237894328
0.46006943622022234,0.0,0.1128588368885287,0.0,0.0,0.0,0.0,0.0,0.770863433906347,0.8624781522208491,0.4847636147893677,0.6492056242322203,0.0,0.0,0.0,0.0,0.0,0.15314402041538538,0.0,0.0
2.6740241841537925e-18,1.730354027759313e-17,0.2859426580387967,0.0,0.0,0.6133131156840927,0.0,0.05818912257087258,0.7433318198129362,0.24847705439876122,0.15402429606686996,0.5286848295207089,0.05460870964831732,0.0,0.7222648067491879,0.0,0.0,1.0,0.9023912944242498,0.6926245987894328
1.4845574799286513e-17,0.0,0.0,0.0,0.24244663538291333,0.0,0.06973201546705474,0.025597141240451052,0.9676305698430105,0.015944238633068444,0.010146478794922864,0.8368404808211549,0.06437433464831732,0.17829097386237652,0.0,1.0,0.0,0.0,0.0,0.5207495987894328
0.06663078062779902,0.06671161156514609,0.11732733594133633,0.0,0.0011798899583829112,0.0,0.2073242086158017,0.6461687431333927,0.03724493105444664,0.7179542908006478,0.5098360640986361,0.03407847588182831,0.7596868346483173,0.6002146557050265,0.0,0.004990257950722832,0.0,0.5690414148050833,0.500385913030243,0.5031714737894328
5.921980544984337e-18,0.09671328172510557,0.0,0.0,0.0,0.009465386774940583,0.048910782216116735,0.7176161169447092,0.07718030924104657,0.7659888581940346,0.51535242106687,0.06744215373945894,0.9042180846483173,0.29685833546027696,0.06210855674918786,0.0,0.0,0.0,1.0,0.2590308487894328
1.6588936371564118e-18,5.128256877290636e-18,0.08802363289446341,0.0,0.0,0.0,0.6479809257944056,0.0,0.7349819826064993,0.1827299548984722,0.11691492106686996,0.5371076810832089,0.0,0.914045835460277,0.0,0.0,0.0,1.0,0.8008287944242498,0.5246558487894328
0.6888638581890455,0.0,0.0,0.0,0.0,0.0,0.15467061096407225,0.1493731144537983,0.7180504943475168,0.18908955354268586,0.11691492106686996,0.49841139202070894,0.13273370964831732,0.14060833546027696,0.0,0.0,0.0,0.0,0.0,0.3117652237894328
0.17260932803884485,0.0,0.0,0.34475001183893383,0.0,0.7765972829970167,0.0,0.0,0.512697194289605,0.12850618082481496,0.08078210856686996,0.33996412639570894,0.0,0.0,0.7066398067491879,0.0,0.7044866970470236,0.0,0.0,0.6242652237894328
1.7802171950604565e-33,4.4255894144618994e-36,2.90732429507203e-17,0.4748020894018132,0.0,0.3618969210678956,0.004338506998442269,0.6103107665669877,0.0,0.6125635640386312,0.39621179606686996,0.0,0.5070112910105697,0.004626366448422792,0.4146095662086706,0.0,1.0,1.0,0.0015826225752012535,0.2746558487894328
5.348197344260105e-17,0.0,0.8734269093723559,0.0,0.0,0.0,0.0,0.0,0.0,0.4872736794322209,0.32396208757220935,0.0,0.0,0.0,0.0,0.0,0.0,1.0,0.0,0.4875464737894328
2.2071779140723955e-33,3.6045950809802774e-17,0.0,0.5886750503883955,0.0,0.6731953488410597,0.0,0.0,0.0,0.4739884263431783,0.31027429606686996,0.0,0.0,0.0,0.5425773067491879,0.0,1.0,0.0,1.0,0.3898902237894328
0.00048762178623231107,0.4160607967107018,0.0,0.5934536462411897,0.0,0.0,0.05344329908812556,0.05800257275586446,0.8291242015195581,0.4874312467650345,0.26467619168373363,0.5408308256144589,0.05070245964831732,0.046858335460276956,0.0,0.0,0.6107366970470236,0.0,0.9992538842138599,0.045163300409607365
4.0854724476943374e-17,0.0,0.0,0.0,0.6672082841418118,0.0,0.49427336017687207,0.0,0.528040492154734,0.1937277877937588,0.12375085856686996,0.36059400920820894,0.0,0.405903895375206,0.0,1.0,0.0,0.0,0.0,0.5539527237894328
1.8341119848672413e-17,1.582354792756774e-17,3.79049249801846e-17,0.734645274859685,0.0,0.0,0.0,0.5804631860243742,0.0,0.399182467712401,0.25656335856686996,0.0,0.4257024596483173,0.0,0.0,0.0,1.0,0.6379880999509319,0.45317254442424976,0.3664527237894328
1.2632885389596107e-33,1.464723652177768e-33,1.6961135775251896e-33,4.201325062337302e-17,0.6861284519360894,0.0,0.0,0.621715922665244,0.0,0.3847231524767294,0.25070398356686996,0.0,0.4686712096483173,0.0,0.0,1.0,1.0,0.45830059995093186,0.5469225444242498,0.4484839737894328
0.2212431638441541,0.0,0.14749419336330918,0.0002614609477747969,0.0,0.0,0.0,0.3493894855552591,0.8908994638303006,0.11817561691411639,0.07539236016671313,0.7084943998332089,0.5858587096483173,0.0,0.0,0.0,0.0006259903870495243,0.37433159509509933,0.0,0.5148902237894328
0.0337679930089768,0.9875901102961411,0.0,0.0,0.0,0.0,0.15897091957033943,0.6039125324841057,0.34824087952584953,0.0,0.0,0.18432447795820894,0.3456243346483173,0.10154583546027696,0.0,0.0,0.0,0.0,0.9782409726050701,0.9687480001456996
3.6098308036292626e-05,0.005491173807780594,0.4194146133761075,0.5317967659988206,0.5243641688784397,0.0,0.0,0.45097294774447666,0.1809291700810658,0.33494505656877577,0.20871179606686996,0.11762997208812026,0.3085149596483173,0.0,0.0,0.41940685088825214,0.5748407142290703,0.9916653699928555,0.9958149994133457,0.2995144458656669
3.711460802915803e-33,6.061275472242065e-17,0.9898814052283746,0.0,0.0,0.07333415194592266,0.0,0.001191923578231013,0.2742753796085568,0.0021121927541649325,0.001305760605617462,0.17162916545820894,0.0007644632728227019,0.0,0.047077195830338536,0.0,0.0,1.0,1.0,0.3273902237894328
5.629046601295229e-17,0.9192930737604329,0.0,0.0,0.0,0.0,0.0,0.36097463557659276,0.15095198709734622,0.6066118850011543,0.34738367106686996,0.09655592327070894,0.23820245964831732,0.0,0.0,0.0,0.0,0.0,1.0,0.08910897378943278
2.2839485401597185e-18,0.03729971027972951,0.0,0.0528551592299511,0.0,0.31642752419840614,0.622455684811588,0.0,0.4468560816195755,0.5589104516382208,0.37674326224926225,0.36117932371516503,0.0,0.695295835460277,0.8716173058098077,0.0,0.6087723122873147,0.0,1.0,0.4562964737894328
